ExternalService,kyoto1.langrid,AsyncTranslation,2012-03-29 21:51:10.17,2012-03-29 22:08:14.199,t,,,t,COMPOSITE,,,,t,,46578,1425,3,,f,pangaea,,,,"Asynchronous Translation Service executes long-running translation independent of its main process so that users do not have to wait a long time for the response. Uses can get a part of translation result using the token issued by this service. This service is provided ""AS IS"", without warranty of any kind.",Asynchronous Translation Service (Beta),,,,,0,f,t,,,46579,,,,,f,f
ExternalService,kyoto1.langrid,AsyncTranslationCombinedWithTemporalDictionary,2012-03-29 22:09:50.618,2012-03-29 22:09:50.832,t,,,t,COMPOSITE,,,,t,,46586,1592,3,,f,pangaea,,,,"Asynchronous Translation Service executes long-running translation independent of its main process so that users do not have to wait a long time for the response. Uses can get a part of translation result using the token issued by this service. This service is provided ""AS IS"", without warranty of any kind.",Asynchronous Translation Service Combined With Temporal Dictionary (Beta),,,,,0,f,t,,,46587,,,,,f,f
ExternalService,kyoto1.langrid,WordTranslationWithTemporalDictionary,2012-03-29 22:25:01.579,2012-03-29 22:25:01.623,t,,,t,COMPOSITE,,,,t,,46614,1859,3,,f,ishida.kyoto-u,,,,This service invokes a translation service to translate a word file and returns the translated word file.,Word Translation Combined with Temporal Dictionary,,,,,0,f,t,,,46615,,,,,f,f
BPELService,kyoto1.langrid,BackTranslation,2009-06-05 18:26:28.485,2010-12-03 17:32:47.642,t,BackTranslationJava,,t,COMPOSITE,"",java.net.URL,http://langrid.nict.go.jp/langrid-1.2/invoker/BackTranslation,t,,1372061,4248,1,"",f,clg.nict,,t,t,"This service consists of two translation services. These two translation services are connected sequentially. Second translation service translates the translated sentence into the input language. You can set the language codes of the input text, the intermediate result as parameters",BackTranslation Service,nict.nlp,BackTranslation,java.net.URI,http://langrid.nict.go.jp/langrid/services/BackTranslation,180000,t,t,,,1372062,t,BackTranslation,7931.16636528015,3318,,
ExternalService,kyoto1.langrid,WordTranslation,2012-03-29 22:23:39.148,2012-03-29 22:23:39.202,t,,,t,COMPOSITE,,,,t,,46608,1701,3,,f,ishida.kyoto-u,,,,"This service invokes a translation service to translate a word file and
returns the translated word file.",Word Translation,,,,,0,f,t,,,46609,,,,,f,f
ExternalService,kyoto1.langrid,BestTranslationSelectionUsingQualityEstimationWithAllResults,2012-03-29 22:14:15.895,2012-03-29 22:14:15.995,t,,,t,COMPOSITE,,,,t,,46594,1594,3,,f,clg.nict,,,,"This service invokes translation services in parallel and estimates
translation quality of the results using a quality estimation
service.
The result of this service contains all the translation results and
the index of the result which is estimated as the best.",Best Translation Selection Using Quality Estimation With All Results,nict.nlp,TranslationSelection,,,0,f,t,,,46595,,,,,f,f
ExternalService,kyoto1.langrid,QualityEstimationBasedOnBackTranslation,2012-03-29 22:16:15.02,2012-03-29 22:16:15.098,t,,,t,COMPOSITE,,,,t,,46602,1433,3,,f,clg.nict,,,,"This service estimates translation quality based on similarity between
an input sentence and the back-translation result. Translation quality
is estimated as high when the similarity is high.",Quality Estimation Based on BackTranslation,nict.nlp,QualityEstimation,,,0,f,t,,,46603,,,,,f,f
BPELService,kyoto1.langrid,BilingualDictionaryCrossSearch,2008-12-12 21:32:22.862,2010-12-03 17:33:36.317,t,BilingualDictionaryCrossSearchJava,,t,COMPOSITE,"",java.net.URL,http://langrid.nict.go.jp/langrid-1.2/invoker/BilingualDictionaryCrossSearch,t,,129410,5591,1,"",f,clg.nict,,t,t,"This service consists of five bilingual dictionary services. Five bilingual dictionary services are invoked concurrently, and you can set the language codes of a head word and target words.",Bilingual Dictionary Cross Search Service,nict.nlp,BilingualDictionary,java.net.URI,http://localhost:8080/wrapper-mock-1.2.N/services/BilingualDictionaryCrossSearch,0,t,t,,,129411,t,BilingualDictionaryCrossSearch,20352.5,2,,
ExternalService,kyoto1.langrid,GensenZh,2012-07-12 16:45:43.887,2012-07-12 16:45:44.008,t,,,t,ATOMIC,"Hiroshi Nakagawa, Akira Maeda and Hiroyuki Kojima",,,t,,48956,1843,0,,f,langrid,GensenZh,,,Extracts valued domain specific terms from Web pages or text you input. The extracted terms are sorted and displayed in descending order of their importance.,Gensen Web (Zh),nict.nlp,KeyphraseExtraction,,,0,f,t,,,48957,,,,,f,f
ExternalService,kyoto1.langrid,OpenTS,2012-07-12 16:37:40.096,2012-07-12 16:37:40.481,t,,,t,ATOMIC,Nadav Rotem,,,t,,48950,1734,0,http://libots.sourceforge.net/,f,langrid,OpenTS,,,"The program reads a text, decides which sentences are important and which are not, and provides a summary of the document. Detailed information can be found in http://libots.sourceforge.net/",Open Text Summarizer,nict.nlp,TextSummarization,,,0,f,t,,,48951,,,,,f,f
ExternalService,kyoto1.langrid,ZPosTagger,2012-07-12 16:56:45.416,2012-07-12 16:56:45.467,t,,,t,ATOMIC,Yue Zhang and Stephen Clark,,,t,,48986,1755,0,http://www.cl.cam.ac.uk/~yz360/zpar.html,f,langrid,ZPosTagger,,,"Statistical multi-language parser, with language-specific support for Chinese and English. This service is realized by wrapping ZPosTagger as a Web service.",Z Part-of-Speech Tagger,nict.nlp,MorphologicalAnalysis,,,0,f,t,,,48987,,,,,f,f
ExternalService,kyoto1.langrid,mie_schoolguidance_paralleltext,2009-12-01 17:45:33.064,2012-07-17 16:14:31.125,t,,,t,ATOMIC,Mie Prefectural Board of Education,java.net.URL,http://langrid.nict.go.jp/langrid-1.2/invoker/mie_schoolguidance_paralleltext,t,,49023,2169,0,"Language Grid Users can copy or modify all or part of this language resource solely for the purpose of non-profit use. Language Grid Users shall not transfer or lend all or part of the language resource to any third party without permission of the copyright holder, regardless of copying or modifying the language resource.",f,langrid,mie_schoolguidance_paralleltext,f,f,School guidance for parents.,An Introduction to Schools in Japan: School Guidance for Foreign Guardians,nict.nlp,ParallelText,java.net.URI,http://langrid.nict.go.jp/db-wrapper/services/MieSchoolguidanceParalleltext,0,f,t,,,49024,,,,,,f
BPELService,kyoto1.langrid,TranslationWithParallelText,2011-06-28 23:22:26.786,2011-06-28 23:25:28.264,t,TranslationWithParallelTextJava,,t,COMPOSITE,,,,t,,1383062,6089,1,,f,clg.nict,,,,"This service combines translation service with parallel text search service. The outline of this service is as below:
1. it search parallel texts by an input text
2. if it finds a parallel text corresponding to the input text, it returns the translation part of the parallel text.
3. otherwise it translates the input text.",Translation With Parallel Text,nict.nlp,Translation,,,0,t,t,,,1383063,t,TranslationWithParallelText,,,,
ExternalService,kyoto1.langrid,Nii,2007-11-28 15:05:09.359,2012-03-12 19:04:00.047,f,,,t,ATOMIC,National Center for Informatics,java.net.URL,http://langrid.nict.go.jp/langrid-1.2/invoker/Nii,f,,38516,1925,0,http://deco.ex.nii.ac.jp/dict/info_e.html,f,aizawa.nii,niidict,f,f,"",Online Dictionary of Academic Terms,nict.nlp,BilingualDictionary,java.net.URI,http://langrid.nict.go.jp/langrid-service_1_2/services/Nii,0,f,t,,,38517,f,,,,,
ExternalService,kyoto1.langrid,MaltParser,2012-07-12 16:47:29.426,2012-08-31 22:26:29.558,t,,,t,ATOMIC,"Johan Hall, Jens Nilsson and Joakim Nivre",,,t,,57577,1854,0,,f,langrid,MaltParser,,,"Data-driven dependency parser, which can be used to induce a parsing model from treebank data and to parse new data using an induced model. Takes lemma, part-of-speech and word as an input. Detailed information can be found in http://www.maltparser.org/",MaltParser,nict.nlp,MophemesDependencyParser,,,0,f,t,,,57578,,,,,f,f
ExternalService,kyoto1.langrid,GensenJa,2012-07-12 16:50:45.114,2012-07-19 14:40:50.463,t,,,t,ATOMIC,"Hiroshi Nakagawa, Akira Maeda and Hiroyuki Kojima",,,t,,49064,1849,0,,f,langrid,GensenJa,,,Extracts valued domain specific terms from Web pages or text you input. The extracted terms are sorted and displayed in descending order of their importance. This service was realized by wrapping Gensen Web (Ja) as a web service.,Gensen Web (Ja),nict.nlp,KeyphraseExtraction,,,0,f,t,,,49065,,,,,f,f
ExternalService,kyoto1.langrid,YahooDepend,2012-08-27 15:11:45.025,2012-08-27 15:11:45.084,t,,,t,ATOMIC,Yahoo Japan Corporation,,,t,,57482,1856,0,"Web-service by Yahoo! JAPAN. Language Grid users can use this language resource solely for the purpose of non-profit use and research use. Language Grid Users are not allowed to transfer or lend all or part of the language resource to any third party without permission of the copyright holder, regardless of copying or modifying the language resource. Please refer to the following URL for the guideline: http://developer.yahoo.co.jp/attribution/#guideline",f,langrid,YahooDepend,,,Yahoo! dependency parser.,Yahoo! Dependency Parser,nict.nlp,DependencyParser,,,0,f,t,,,57483,,,,,f,f
ExternalService,kyoto1.langrid,ZParser,2012-07-12 16:49:13.004,2012-09-14 17:18:44.359,t,,,t,ATOMIC,Yue Zhang and Stephen Clar,,,t,,57736,1846,0,http://www.cl.cam.ac.uk/~yz360/zpar.html,f,langrid,ZParser,,,"A statistical parses with universal language support with language-specific features for Chinese and English. Currently supports word segmentation, POS tagging, dependency and phrase-structure parsing. Detailed information can be found in http://www.cl.cam.ac.uk/~yz360/zpar.html",Z Parser,nict.nlp,DependencyParser,,,0,f,t,,,57737,,,,,f,f
ExternalService,kyoto1.langrid,OpenJTalk,2012-07-12 16:52:13.116,2012-07-12 16:52:13.192,t,,,t,ATOMIC,"Nagoya Institute of Technology, Department of Computer Science",,,t,,48980,1899,0,http://open-jtalk.sourceforge.net/readme_open_jtalk.php,f,langrid,OpenJTalk,,,A Japanese text-to-speech system. Detailed information can be found in http://open-jtalk.sourceforge.net/,Open JTalk,nict.nlp,TextToSpeech,,,0,f,t,,,48981,,,,,f,f
ExternalService,kyoto1.langrid,KyotoUJServer,2007-11-28 15:05:11.109,2011-09-08 19:50:14.243,t,,,t,ATOMIC,"Kodensha Co., Ltd.",java.net.URL,http://langrid.nict.go.jp/langrid-1.2/invoker/KyotoUJServer,t,,1390261,1952,0,"",f,ishida.kyoto-u,jserver.kyoto-u,f,f,J-Server running on Kyoto-U server.,J-Server (Kyoto-U),nict.nlp,Translation,java.net.URI,http://langrid.ai.soc.i.kyoto-u.ac.jp/langrid-service_1_2/services/JServer,180000,f,t,,,1390262,f,,122.974625144145,16473,,
ExternalService,kyoto1.langrid,Yahoomorph,2012-08-27 15:12:46.748,2012-08-27 15:12:46.777,t,,,t,ATOMIC,Yahoo Japan Corporation,,,t,,57488,1746,0,"Web-Service by Yahoo! JAPAN. Language Grid users can use this language resource solely for the purpose of non-profit use and research use. Language Grid Users are not allowed to transfer or lend all or part of the language resource to any third party without permission of the copyright holder, regardless of copying or modifying the language resource.Please refer to the following URL for the guideline: http://developer.yahoo.co.jp/attribution/#guideline",f,langrid,Yahoomorph,,,Yahoo! morphological analyzer.,Yahoo! Morphological Analyzer,nict.nlp,MorphologicalAnalysis,,,0,f,t,,,57489,,,,,f,f
ExternalService,kyoto1.langrid,GensenEuro,2012-07-12 17:03:28.921,2012-07-12 17:03:29.008,t,,,t,ATOMIC,"Hiroshi Nakagawa, Akira Maeda and Hiroyuki Kojima",,,t,,48992,1848,0,,f,langrid,GensenEuro,,,Extracts valued domain specific terms from Web pages or text you input. The extracted terms are sorted and displayed in descending order of their importance. This service is realized by wrapping Gensen Web (Euro) as a Web service.,Gensen Web (Euro),nict.nlp,KeyphraseExtraction,,,0,f,t,,,48993,,,,,f,f
ExternalService,kyoto1.langrid,HunPos,2012-08-27 13:14:12.162,2012-08-27 13:14:12.206,t,,,t,ATOMIC,"Peter Halacsy, Andras Kornai, Csaba Oravecz",,,t,,57464,1738,0,http://code.google.com/p/hunpos/,f,langrid,HunPos,,,"Hunpos is an open source reimplementation of TnT, the well known part-of-speech tagger by Thorsten Brants.",HunPos,nict.nlp,MorphologicalAnalysis,,,0,f,t,,,57465,,,,,f,f
ExternalService,kyoto1.langrid,Frog,2012-08-29 15:44:57.313,2012-08-29 15:45:21.351,t,,,t,ATOMIC,"ILK Research Group (Tilburg University, the Netherlands) and CLiPS Research Centre (University of Antwerp, Belgium)",,,t,,57496,1731,0,http://ilk.uvt.nl/frog/  http://www.gnu.org/copyleft/gpl.html,f,langrid,Frog,,,"Dutch morpho-syntactic processing, including MBT
for POS tagging. For more information see http://ilk.uvt.nl/frog/",Frog,nict.nlp,MorphologicalAnalysis,,,0,f,t,,,57497,,,,,f,f
ExternalService,kyoto1.langrid,NExT,2012-08-30 15:56:11.482,2012-08-30 15:56:11.52,t,,,t,ATOMIC,"Mie University, Ritsumeikan University",,,t,,57502,1815,0,http://www.ai.info.mie-u.ac.jp/~next/next_en.html http://www.gnu.org/copyleft/gpl.html,f,langrid,NExT,,,"Named entity extraction tool based on a pattern driven extraction method. Can distinguish named entities such as 'PERSON', 'ORGANIZATION', 'LOCATION','TIME EXPRESSION' and 'QUANTITY EXPRESSION' in a text. For more information see
http://www.ai.info.mie-u.ac.jp/~next/next_en.html",NExT,nict.nlp,NamedEntityTagging,,,0,f,t,,,57503,,,,,f,f
ExternalService,kyoto1.langrid,JapaneseSummarizer,2012-08-27 13:23:48.862,2012-08-27 13:23:48.896,t,,,t,ATOMIC,Kazuhiro Osawa,,,t,,57470,1779,0,http://search.cpan.org/~yappo/Lingua-JA-Summarize-Extract-0.01/lib/Lingua/JA/Summarize/Extract.pm,f,langrid,JapaneseSummarizer,,,Lingua::JA::Summarize::Extract - summary generator for Japanese. For more information see http://search.cpan.org/~yappo/Lingua-JA-Summarize-Extract-0.01/lib/Lingua/JA/Summarize/Extract.pm,Japanese Summarizer,nict.nlp,TextSummarization,,,0,f,t,,,57471,,,,,f,f
ExternalService,kyoto1.langrid,KyTea,2012-08-22 14:46:19.42,2012-08-22 14:46:19.702,t,,,t,ATOMIC,Graham Neubig,,,f,,57455,1732,0,"http://www.phontron.com/kytea/
http://www.apache.org/licenses/LICENSE-2.0",f,langrid,KyTea,,,"Text analysis of languages that require word segmentation. Japanese and Chinese models for performing word segmentation, pronunciation estimation, and POS tagging (Japanese only).",Kyoto Text Analysis Toolkit,nict.nlp,MorphologicalAnalysis,,,0,f,t,,,57456,,,,,f,f
ExternalService,kyoto1.langrid,Illinoispostagger,2012-08-27 13:31:10.935,2012-08-27 13:31:10.971,t,,,t,ATOMIC,Nick Rizzolo,,,t,,57476,1783,0,,f,langrid,Illinoispostagger,,,"Part-of-speech tagger that outputs a standardized tag set, and can accept raw, natural language text as input. For more information see http://cogcomp.cs.illinois.edu/page/software_view/3",Illinois Part-of-Speech Tagger,nict.nlp,MorphologicalAnalysis,,,0,f,t,,,57477,,,,,f,f
ExternalService,kyoto1.langrid,Yahoophrase,2012-09-11 15:44:45.04,2012-09-11 15:44:46.06,t,,,t,ATOMIC,Yahoo Japan Corporation,,,t,,57637,1856,0,"Web Service by Yahoo! JAPAN. 
Language Grid users can use this language resource solely for the purpose of non-profit use and research use. Language Grid Users are not allowed to transfer or lend all or part of the language resource to any third party without permission of the copyright holder, regardless of copying or modifying the language resource. Please refer to the following URL for the guideline: http://developer.yahoo.co.jp/attribution/#guideline",f,langrid,Yahoophrase,,,Yahoo! Keyphrase Extractor,Yahoo! Keyphrase Extractor,nict.nlp,KeyphraseExtraction,,,0,f,t,,,57638,,,,,f,f
ExternalService,kyoto1.langrid,TaggedTranslationCombinedWithBilingualDictionaryWithLongestMatchSearch,2013-03-01 19:20:37.897,2013-03-01 19:20:38.593,t,,,t,COMPOSITE,,,,t,,68488,1955,3,,f,ishida.kyoto-u,,,,Translation results are tagged so that users can identify which words are replaced by bilingual dictionary.,Tagged Translation Combined With Bilingual Dictionary With Longest Match Search Service,nict.nlp,TranslationWithTemporalDictionary,,,0,f,t,,,68489,,,,,f,f
ExternalService,kyoto1.langrid,TaggedBackTranslationCombinedWithBilingualDictionaryWithLongestMatchSearch,2013-03-01 19:32:52.773,2013-03-01 19:32:52.964,t,,,t,COMPOSITE,,,,t,,68494,2038,3,,f,ishida.kyoto-u,,,,Backtranslation results are tagged so that users can identify which words are replaced by technical bilingual dictionaries.,Tagged Back Translation Combined With Bilingual Dictionary With Longest Match Search Service,nict.nlp,BackTranslationWithTemporalDictionary,,,0,f,t,,,68495,,,,,f,f
ExternalService,kyoto1.langrid,GoogleLanguageDetect,2011-03-24 15:31:43.079,2011-03-24 15:31:44.883,t,,,t,ATOMIC,Google,,,f,,39724,1851,0,http://code.google.com/intl/en/apis/language/translate/terms.html,f,google,GoogleLanguageDetect,f,f,"This service provides language detection service. This is realized by wrapping Google Translate API v2 as a Web service. To use this service, learn Google Translate API Terms of Use. http://code.google.com/intl/en/apis/language/translate/terms.html",Google Language Detect,nict.nlp,LanguageIdentification,,,0,f,t,,,39725,,,,,,
ExternalService,kyoto1.langrid,lexitron-dict-public,2010-01-20 12:33:33.597,2010-01-20 12:33:33.953,t,,,t,ATOMIC,"NECTEC, Thailand",java.net.URL,http://langrid.nict.go.jp/langrid-1.2/invoker/lexitron-dict-public,f,,29808,2130,0,"NECTEC, Thailand",f,nectec,lexitron-dict-public,f,f,"LEXiTRON: English to Thai, Thai to English Dictionary (http://lexitron.nectec.or.th)",lexitron-dict-public,nict.nlp,BilingualDictionary,java.net.URI,http://203.185.132.252:8080/langrid-service-1.2/services/LEXiTRONBilingualDictionaryService,0,f,t,,,29809,,,,,,
ExternalService,kyoto1.langrid,filSPAM,2011-09-01 17:09:30.08,2011-09-06 09:52:15.712,t,,,t,ATOMIC,Celt LAB,,,f,,1389894,1600,0,GPL,f,CeLT.dlsu,filSPAM,,,test,MA for Tagalog,nict.nlp,MorphologicalAnalysis,,,0,f,t,,,1389895,,,,,,
ExternalService,kyoto1.langrid,EnglishIndonesianBilingualDictionary,2011-03-28 18:12:53.886,2011-04-05 16:21:33.035,t,,,t,ATOMIC,"Information Retrieval Lab, Faculty of Computer Science, University of Indonesia",,,f,,59437,2095,0,,f,irfasilkom,EnglishIndonesianBilingualDictionary,f,f,This resource give functionalities related to English-Bahasa bilingual dictionary.,English Indonesian Bilingual Dictionary,nict.nlp,BilingualDictionary,,,0,f,t,,,59438,,,,,,
ExternalService,kyoto1.langrid,KyodaiHonyakuDisasterDictionary,2011-10-07 20:35:43.206,2011-10-07 20:51:32.709,t,,,t,ATOMIC,"Ishida and Matsubara Laboratory, Department of Social Informatics, Graduate School of Informatics, Kyoto University",,,t,,1393057,2496,0,,f,ishida.kyoto-u,Kyodai-Honyaku-Disaster-Dictionary,,,Disaster Dictionary,Kyodai Honyaku Disaster Dictionary,nict.nlp,BilingualDictionaryWithLongestMatchSearch,,,0,f,t,,,1393058,,,,,,
ExternalService,kyoto1.langrid,DefaultMorphologicalAnalysis,2010-01-20 15:19:42.1,2010-12-03 17:24:15.635,t,,,t,ATOMIC,Copyright (C) 2007-2010 NICT Language Grid Project. All Rights Reserved.,java.net.URL,http://langrid.nict.go.jp/langrid-1.2/invoker/DefaultMorphologicalAnalysis,t,,30494,1797,0,LGPL,f,clg.nict,DefaultMorphologicalAnalysis,f,f,Default MorphologicalAnalysis Service,Default Morphological Analysis,,,java.net.URI,http://langrid.nict.go.jp/workflow-support/services/DefaultMorphologicalAnalysis,0,f,t,,,30495,,,,,,
ExternalService,kyoto1.langrid,Saitama-PrefectureJapaneseStudyTemplateParallelText,2011-03-31 22:06:43.364,2011-03-31 22:06:43.695,t,,,t,ATOMIC,Saitama Prefectural Board of Education,,,t,,59003,2526,0,"Language Grid Users can copy or modify all or part of this language 
resource solely for the purpose of non-profit use. Language Grid Users 
shall not transfer or lend all or part of the language resource to any 
third party without permission of the copyright holder, regardless of 
copying or modifying the language resource.",f,langrid,Saitama-PrefectureJapaneseStudyTemplateParallelText,f,f,-,Saitama-Prefecture Japanese Study Template Parallel Text,nict.nlp,TemplateParallelText,,,0,f,t,,,59004,,,,,,
ExternalService,kyoto1.langrid,Julius,2010-12-27 12:37:13.286,2010-12-27 12:37:13.748,t,,,t,ATOMIC,"Kawahara Laboratory, Department of Digital Content Research, Academic Center for Computing and Media Studies, Kyoto University",java.net.URL,http://langrid.nict.go.jp/service_manager/invoker/Julius,t,,31790,1856,0,"http://julius.sourceforge.jp/LICENSE.txt Provider: Kawahara Laboratory, Department of Digital Content Research, Academic Center for Computing and Media Studies, Kyoto University",f,kawahara.kyoto-u,Julius,f,f,"Julius is a high-performance, two-pass large vocabulary continuous speech recognition (LVCSR) decoder software for speech-related researchers and developers.",Julius,nict.nlp,SpeechRecognition,java.net.URI,http://langrid-service.nict.go.jp/langrid-service_1_2/services/JuliusService,0,f,t,,,31791,,,,,,
ExternalService,kyoto1.langrid,Osaka-PrefectureEntranceExamNotificationTemplateParallelText,2011-03-31 22:16:00.677,2011-03-31 22:16:00.72,t,,,t,ATOMIC,Osaka Prefectural Board of Education,,,t,,59007,2555,0,"Language Grid Users can copy or modify all or part of this language 
resource solely for the purpose of non-profit use. Language Grid Users 
shall not transfer or lend all or part of the language resource to any 
third party without permission of the copyright holder, regardless of 
copying or modifying the language resource.",f,langrid,Osaka-PrefectureEntranceExamNotificationTemplateParallelText,f,f,-,Osaka-Prefecture Entrance Exam Notification Template Parallel Text,nict.nlp,TemplateParallelText,,,0,f,t,,,59008,,,,,,
ExternalService,kyoto1.langrid,Osaka-PrefectureSchoolNotificationTemplateParallelText,2011-03-31 22:20:37.7,2011-03-31 22:20:37.732,t,,,t,ATOMIC,Osaka Prefectural Board of Education,,,t,,59011,2540,0,"Language Grid Users can copy or modify all or part of this language 
resource solely for the purpose of non-profit use. Language Grid Users 
shall not transfer or lend all or part of the language resource to any 
third party without permission of the copyright holder, regardless of 
copying or modifying the language resource.",f,langrid,Osaka-PrefectureSchoolNotificationTemplateParallelText,f,f,-,Osaka-Prefecture School Notification Template Parallel Text,nict.nlp,TemplateParallelText,,,0,f,t,,,59012,,,,,,
ExternalService,kyoto1.langrid,GCNOsakaCampusDictionary,2011-02-11 04:13:35.891,2011-03-23 14:04:06.268,t,,,t,ATOMIC,"Toyoko Noda, volunteer group Akari and GCN-Osaka (Global Campus Net, Osaka)",,,f,,39581,2161,0,"Language Grid Users can copy or modify all or part of this language resource solely for the purpose of non-profit use. Language Grid Users shall not transfer or lend all or part of the language resource to any third party without permission of the copyright holder, regardless of copying or modifying the language resource.",f,langrid,GCNOsakaCampusDictionary,f,f,-,GCN-Osaka Campus Dictionary,nict.nlp,ParallelText,,,0,f,t,,,39582,,,,,,
ExternalService,kyoto1.langrid,KanagawaPrefectureSchoolEntranceParalleltext,2011-02-13 07:45:02.034,2011-03-23 14:05:46.375,t,,,t,ATOMIC,-,,,f,,39587,2225,0,"Language Grid Users can copy or modify all or part of this language resource solely for the purpose of non-profit use. Language Grid Users shall not transfer or lend all or part of the language resource to any third party without permission of the copyright holder, regardless of copying or modifying the language resource.",f,langrid,KanagawaPrefectureSchoolEntranceParalleltext,f,f,-,Kanagawa-Prefecture School Entrance Parallel Text,nict.nlp,ParallelText,,,0,f,t,,,39588,,,,,,
ExternalService,kyoto1.langrid,OsakaPrefectureCareerGuidanceParalleltext,2011-02-13 08:26:09.897,2011-03-23 14:06:45.643,t,,,t,ATOMIC,Osaka Prefectural Board of Education,,,f,,39593,2208,0,"Language Grid Users can copy or modify all or part of this language resource solely for the purpose of non-profit use. Language Grid Users shall not transfer or lend all or part of the language resource to any third party without permission of the copyright holder, regardless of copying or modifying the language resource.",f,langrid,OsakaPrefectureCareerGuidanceParalleltext,f,f,-,Osaka-Prefecture Career Guidance Parallel Text,nict.nlp,ParallelText,,,0,f,t,,,39594,,,,,,
ExternalService,kyoto1.langrid,OsakaPrefectureSchoolFeeReductionGuidanceParalleltext,2011-02-13 08:18:35.333,2011-03-23 14:07:16.006,t,,,t,ATOMIC,Osaka Prefectural Board of Education,,,f,,39597,2251,0,"Language Grid Users can copy or modify all or part of this language resource solely for the purpose of non-profit use. Language Grid Users shall not transfer or lend all or part of the language resource to any third party without permission of the copyright holder, regardless of copying or modifying the language resource.",f,langrid,OsakaPrefectureSchoolFeeReductionGuidanceParalleltext,f,f,-,Osaka-Prefecture School Fee Reduction Guidance Parallel Text,nict.nlp,ParallelText,,,0,f,t,,,39598,,,,,,
ExternalService,kyoto1.langrid,ShigaPrefectureCareerGuidanceParalleltext,2011-02-13 08:03:08.378,2011-02-13 08:03:08.633,t,,,t,ATOMIC,Shiga Intercultural Association for Globalization,,,t,,33063,2213,0,"Language Grid Users can copy or modify all or part of this language resource solely for the purpose of non-profit use. Language Grid Users shall not transfer or lend all or part of the language resource to any third party without permission of the copyright holder, regardless of copying or modifying the language resource.",f,s-i-a,ShigaPrefectureCareerGuidanceParalleltext,f,f,-,Shiga-Prefecture Career Guidance Parallel Text,nict.nlp,ParallelText,,,0,f,t,,,33064,,,,,,
ExternalService,kyoto1.langrid,OsakaPrefectureSchoolLifeParalleltext,2011-02-13 08:21:47.066,2011-03-23 14:07:36.831,t,,,t,ATOMIC,Osaka Prefectural Board of Education,,,f,,39599,2190,0,"Language Grid Users can copy or modify all or part of this language resource solely for the purpose of non-profit use. Language Grid Users shall not transfer or lend all or part of the language resource to any third party without permission of the copyright holder, regardless of copying or modifying the language resource.",f,langrid,OsakaPrefectureSchoolLifeParalleltext,f,f,-,Osaka-Prefecture School Life Parallel Text,nict.nlp,ParallelText,,,0,f,t,,,39600,,,,,,
ExternalService,kyoto1.langrid,YokkaichiCitySchoolGuidanceParalleltext,2011-02-13 08:14:09.881,2011-03-23 14:08:59.457,t,,,t,ATOMIC,Mie International Exchange Foundation,,,f,,39607,2220,0,"Language Grid Users can copy or modify all or part of this language resource solely for the purpose of non-profit use. Language Grid Users shall not transfer or lend all or part of the language resource to any third party without permission of the copyright holder, regardless of copying or modifying the language resource.",f,langrid,YokkaichiCitySchoolGuidanceParalleltext,f,f,-,Yokkaichi-City School Guidance Parallel Text,nict.nlp,ParallelText,,,0,f,t,,,39608,,,,,,
ExternalService,kyoto1.langrid,OsakaPrefectureEntranceExamNotificationParalleltext,2011-02-13 08:37:30.31,2011-03-23 14:07:00.407,t,,,t,ATOMIC,Osaka Prefectural Board of Education,,,f,,39595,2245,0,"Language Grid Users can copy or modify all or part of this language resource solely for the purpose of non-profit use. Language Grid Users shall not transfer or lend all or part of the language resource to any third party without permission of the copyright holder, regardless of copying or modifying the language resource.",f,langrid,OsakaPrefectureEntranceExamNotificationParalleltext,f,f,-,Osaka-Prefecture Entrance Exam Notification Parallel Text,nict.nlp,ParallelText,,,0,f,t,,,39596,,,,,,
ExternalService,kyoto1.langrid,OsakaPrefectureSchoolNotificationParalleltext,2011-02-13 08:41:21.739,2011-03-23 14:07:56.264,t,,,t,ATOMIC,Osaka Prefectural Board of Education,,,f,,39601,2214,0,"Language Grid Users can copy or modify all or part of this language resource solely for the purpose of non-profit use. Language Grid Users shall not transfer or lend all or part of the language resource to any third party without permission of the copyright holder, regardless of copying or modifying the language resource.",f,langrid,OsakaPrefectureSchoolNotificationParalleltext,f,f,-,Osaka-Prefecture School Notification Parallel Text,nict.nlp,ParallelText,,,0,f,t,,,39602,,,,,,
ExternalService,kyoto1.langrid,SaitamaPrefectureJapaneseStudyParalleltext,2011-02-13 08:33:08.827,2011-03-23 14:08:10.936,t,,,t,ATOMIC,Saitama Prefectural Board of Education,,,f,,39603,2216,0,Language Grid Users can copy or modify all or part of this language resource solely for the purpose of non-profit use. Language Grid Users shall not transfer or lend all or part of the language resource to any third,f,langrid,SaitamaPrefectureJapaneseStudyParalleltext,f,f,-,Saitama-Prefecture Japanese Study Parallel Text,nict.nlp,ParallelText,,,0,f,t,,,39604,,,,,,
ExternalService,kyoto1.langrid,TokyoMetropolitanSchoolLifeParalleltext,2011-02-13 08:30:09.24,2011-03-23 14:08:31.863,t,,,t,ATOMIC,Tokyo Metropolitan Government Board of Education,,,f,,39605,2213,0,"Language Grid Users can copy or modify all or part of this language resource solely for the purpose of non-profit use. Language Grid Users shall not transfer or lend all or part of the language resource to any third party without permission of the copyright holder, regardless of copying or modifying the language resource.",f,langrid,TokyoMetropolitanSchoolLifeParalleltext,f,f,-,Tokyo-Metropolitan School Life Parallel Text,nict.nlp,ParallelText,,,0,f,t,,,39606,,,,,,
ExternalService,kyoto1.langrid,Kanagawa-PrefectureSchoolEntranceTemplateParallelText,2011-03-31 22:22:48.883,2011-03-31 22:22:48.914,t,,,t,ATOMIC,-,,,t,,59015,2559,0,"Language Grid Users can copy or modify all or part of this language 
resource solely for the purpose of non-profit use. Language Grid Users 
shall not transfer or lend all or part of the language resource to any 
third party without permission of the copyright holder, regardless of 
copying or modifying the language resource.",f,langrid,Kanagawa-PrefectureSchoolEntranceTemplateParallelText,f,f,-,Kanagawa-Prefecture School Entrance Template Parallel Text,nict.nlp,TemplateParallelText,,,0,f,t,,,59016,,,,,,
ExternalService,kyoto1.langrid,KodaijiTempleDictionary,2010-03-03 01:14:09.756,2010-03-03 01:14:09.872,t,,,t,ATOMIC,Kyoto Intercultural Collaboration Association,java.net.URL,http://langrid.nict.go.jp/langrid-1.2/invoker/KodaijiTempleDictionary,f,,1338455,2470,0,"Language Grid Users can copy or modify all or part of this language resource solely for the purpose of non-profit use. Language Grid Users shall not transfer or lend all or part of the language resource to any third party without permission of the copyright holder, regardless of copying or modifying the language resource.",f,join,KodaijiTempleDictionary,f,f,"Dictionary for Kodaiji Temple in Kyoto, Japan.",Kodaiji Temple Dictionary,nict.nlp,BilingualDictionaryWithLongestMatchSearch,java.net.URI,http://langrid.nict.go.jp/db-wrapper/services/KodaijiTempleDictionary,0,f,t,,,1338456,,,1405.52380952379,21,,
ExternalService,kyoto1.langrid,KyotoMaternityDictionary,2010-03-02 23:56:55.996,2010-07-30 17:59:19.172,t,,,t,ATOMIC,Kyoto Intercultural Collaboration Association,java.net.URL,http://langrid.nict.go.jp/langrid-1.2/invoker/KyotoMaternityDictionary,t,,1338457,2470,0,"Language Grid Users can copy or modify all or part of this language resource solely for the purpose of non-profit use. Language Grid Users shall not transfer or lend all or part of the language resource to any third party without permission of the copyright holder, regardless of copying or modifying the language resource.",f,shigeno.tabunka,KyotoMaternityDictionary,f,f,"Multilingual dictionary on maternity healthcare system in Kyoto City, Japan.",Kyoto Maternity Dictionary,nict.nlp,BilingualDictionaryWithLongestMatchSearch,java.net.URI,http://langrid.nict.go.jp/db-wrapper/services/KyotoMaternityDictionary,0,f,t,,,1338458,,,1386.03846153846,26,,
ExternalService,kyoto1.langrid,YMCExpertAnswerParallelText,2011-06-14 19:20:42.689,2011-06-14 19:20:43.425,t,,,t,ATOMIC,NPO Pangaea,,,f,,1381594,2583,0,This language resource is currently limited to internal use only.,f,pangaea,YMCExpertAnswerTemplateParallelText,,,"It is agriculture parallel texts in rice farming domain. It supports Vietnamese, Japanese, and English language. (YMC stands for Youth Mediated Communication of NPO Pangaea.)",YMC Expert Answer Parallel Text,nict.nlp,TemplateParallelText,,,0,f,t,,,1381595,,,,,,
ExternalService,kyoto1.langrid,KyotoSpecialtyDictionary,2010-03-02 23:31:35.47,2010-07-30 17:57:24.97,t,,,t,ATOMIC,Kyoto Intercultural Collaboration Association,java.net.URL,http://langrid.nict.go.jp/langrid-1.2/invoker/KyotoSpecialtyDictionary,t,,1338459,2489,0,"Language Grid Users can copy or modify all or part of this language resource solely for the purpose of non-profit use. Language Grid Users shall not transfer or lend all or part of the language resource to any third party without permission of the copyright holder, regardless of copying or modifying the language resource.",f,kics-llc,"",f,f,"This is a dictionary for descriptions of famous specialties of Kyoto, Japan.",Kyoto Specialty Dictionary,nict.nlp,BilingualDictionaryWithLongestMatchSearch,java.net.URI,http://localhost:8080/db-wrapper/services/KyotoSpecialtyDictionary,0,f,t,,,1338460,,,1023.61111111111,18,,
ExternalService,kyoto1.langrid,YMCRiceDictionary,2011-06-14 19:17:03.67,2011-06-14 19:17:04.712,t,,,t,ATOMIC,NPO Pangaea,,,f,,1381588,2558,0,This language resource is currently limited to internal use only.,f,pangaea,YMCRiceDictionary,,,"It is agriculture dictionary in rice farming domain. It supports Vietnamese, Japanese, and English language. (YMC stands for Youth Mediated Communication of NPO Pangaea.)",YMC Rice Dictionary,nict.nlp,BilingualDictionaryWithLongestMatchSearch,,,0,f,t,,,1381589,,,,,,
ExternalService,kyoto1.langrid,RitsumeikanDictionary,2010-03-03 01:58:11.429,2010-03-03 01:58:11.536,t,,,t,ATOMIC,Kyoto Intercultural Collaboration Association,java.net.URL,http://langrid.nict.go.jp/langrid-1.2/invoker/RitsumeikanDictionary,f,,1338473,2460,0,"Language Grid Users can copy or modify all or part of this language resource solely for the purpose of non-profit use. Language Grid Users shall not transfer or lend all or part of the language resource to any third party without permission of the copyright holder, regardless of copying or modifying the language resource.",f,ic-astem,RitsumeikanDictionary,f,f,"A dictionary for exchange students support of Ritsumeikan University, Japan.",Ritsumeikan Dictionary,nict.nlp,BilingualDictionaryWithLongestMatchSearch,java.net.URI,http://localhost:8080/db-wrapper/services/RitsumeikanDictionary,0,f,t,,,1338474,,,452.181818181818,11,,
ExternalService,kyoto1.langrid,WikipediaDictionary_Katakana_ja,2010-07-28 21:53:39.964,2010-07-29 11:58:20.739,t,,,t,ATOMIC,http://en.wikipedia.org/wiki/Wikipedia:Copyrights,java.net.URL,http://langrid.nict.go.jp/langrid-1.2/invoker/WikipediaDictionary_Katakana_ja,f,,1338477,2502,0,This resource is built based on Wikipedia that are based on GNU Free Documentation License (GFDL). Language Grid Users can use this language resource based on GFDL.,f,kb.ist.hokudai,WikipediaDictionary_Katakana_ja,f,f,Bilingual dictionary generated from Inter-language links and redirect links in Wikipedia.,"Wikipedia Dictionary on Katakana (ja, 00:00 02 Nov 2009)",nict.nlp,BilingualDictionaryWithLongestMatchSearch,java.net.URI,http://langrid.nict.go.jp/db-wrapper/services/WikipediaDictionary_Katakana_ja,0,f,t,,,1338478,,,23.2222222222222,9,,
ExternalService,kyoto1.langrid,WikipediaDictionary_NationalParkUS_en,2010-07-28 19:13:26.771,2010-07-28 19:13:27.247,t,,,t,ATOMIC,http://en.wikipedia.org/wiki/Wikipedia:Copyrights,java.net.URL,http://langrid.nict.go.jp/langrid-1.2/invoker/WikipediaDictionary_NationalParkUS_en,t,,1338479,2515,0,http://wikimediafoundation.org/wiki/Terms_of_Use,f,ishida.kyoto-u,WikipediaDictionary_NationalParkUS_en,f,f,"Bilingual dictionary of Inter-language link in English Wikipedia article ""National Park US""","Wikipedia Dictionary on National Park US (en, 23:00 22 Jul 2010)",nict.nlp,BilingualDictionaryWithLongestMatchSearch,java.net.URI,http://langrid.nict.go.jp/db-wrapper/services/WikipediaDictionary_NationalParkUS_en,0,f,t,,,1338480,,,359.375,8,,
ExternalService,kyoto1.langrid,BahasaIndonesiaMorphologicalAnalysisService,2011-03-28 18:07:39.899,2011-04-05 16:21:44.316,t,,,t,ATOMIC,"Information Retrieval Lab, Faculty of Computer Science, University of Indonesia",,,f,,1348211,1689,0,,f,irfasilkom,BahasaIndonesiaMorphologicalAnalysis,f,f,"This service is based on a two-level morphological analyser for bahasa Indonesia developed at the Faculty of Computer Science, Universitas Indonesia, as part of a collaborative research project funded by ARC Discovery Grant DP0877595. For more details see: Femphy Pisceldo, Rahmad Mahendra, Ruli Manurung and I Wayan Arka, ""A Two-Level Morphological Analyser for the Indonesian Language"", in Proceedings of the Australasian Language Technology Association Workshop 2008, pp. 142--150, December 2008, Hobart, Australia.",Bahasa Indonesia Morphological Analysis Service,nict.nlp,MorphologicalAnalysis,,,0,f,t,,,1348212,,,18068.3529411765,17,,
ExternalService,kyoto1.langrid,BestTranslationSelectionWithTemporalDictionary,2011-06-22 18:17:52.554,2011-06-22 18:19:38.091,t,,,t,COMPOSITE,,,,f,,1382388,1841,3,,f,clg.nict,,,,"This service invokes multiple translation services in parallel and returns a result which is estimated to be the best.
The outline of the process is as follows:
1) translate an input text
2) translate the translation result
3) calculate similarity between the input text and back-translation result using a similarity calculation service.
4) return the result of which similarity is the highest
(1 - 3 proceed in parallel for each translation service)",Best Translation Selection Combined With Temporal Dictionary,nict.nlp,TranslationWithTemporalDictionary,,,0,f,t,,,1382389,,,,,,
ExternalService,kyoto1.langrid,RentalHousingDictionary,2010-03-03 01:33:17.339,2010-03-03 01:41:30.773,t,,,t,ATOMIC,Kyoto Intercultural Collaboration Association,java.net.URL,http://langrid.nict.go.jp/langrid-1.2/invoker/RentalHousingDictionary,t,,1338471,2472,0,"Language Grid Users can copy or modify all or part of this language resource solely for the purpose of non-profit use. Language Grid Users shall not transfer or lend all or part of the language resource to any third party without permission of the copyright holder, regardless of copying or modifying the language resource.",f,e-saison,RentalHousingDictionary,f,f,Dictionary for rental housing.,Rental Housing Dictionary,nict.nlp,BilingualDictionaryWithLongestMatchSearch,java.net.URI,http://langrid.nict.go.jp/db-wrapper/services/RentalHousingDictionary,0,f,t,,,1338472,,,776.829411764712,170,,
ExternalService,kyoto1.langrid,KyotoEBMT-nlparser_KNP_EDICT,2010-08-25 01:30:14.879,2011-03-23 10:14:11.109,t,,,t,ATOMIC,"KyotoEBMT: Kyoto University, nlparser: Brown University, KNP:  Kyoto University, EDICT: The Electronic Dictionary Research and Development Group",java.net.URL,http://langrid.nict.go.jp/langrid-1.2/invoker/KyotoEBMT-nlparser_KNP_EDICT,f,,1368733,2203,0,"",f,kurohashi.kyoto-u,KyotoEBMT-nlparser_KNP_EDICT,f,f,"This service allows users to access KyotoEBMT including nlparser, KNP, and EDICT.","KyotoEBMT (nlparser, KNP, EDICT)",,,java.net.URI,http://orchid.kuee.kyoto-u.ac.jp:8080/wrapper-1.2/services/KyotoEBMT,0,f,t,,,1368734,,,3408.55686032142,1618,,
ExternalService,kyoto1.langrid,BLEU,2010-09-22 16:55:12.145,2010-09-22 16:55:12.559,t,,,t,ATOMIC,"Ishida and Matsubara Laboratory, Department of Social Informatics, Graduate School of Informatics, Kyoto University",java.net.URL,http://langrid.nict.go.jp/langrid-1.2/invoker/BLEU,t,,1370229,1545,0,"",f,ishida.kyoto-u,BLEU,f,f,Similarity calculator based on N-gram,BLEU,nict.nlp,SimilarityCalculation,java.net.URI,http://langrid.nict.go.jp/langrid-service_1_2/services/BLEU,0,f,t,,,1370230,,,11.1034417904811,15951,,
ExternalService,kyoto1.langrid,VLSPPOSTaggerService,2010-05-14 18:37:37.478,2010-05-14 18:37:37.837,t,,,t,ATOMIC,VLSP Project,java.net.URL,http://langrid.nict.go.jp/langrid-1.2/invoker/VLSPPOSTaggerService,f,,1348263,1649,0,"",f,ho.jaist,VLSPPOSTagger,f,f,This service provides morphological analysis. This is realized by wrapping VLSP POS Tagger as a Web service.,VLSP POS Tagger,nict.nlp,MorphologicalAnalysis,java.net.URI,http://langrid.nict.go.jp/langrid-service_1_2/services/VLSPPosTagger,0,f,t,,,1348264,,,292.855263157896,76,,
ExternalService,kyoto1.langrid,ConstructSourceAndMorphemesAndCodes,2008-09-30 22:58:13.832,2008-09-30 22:59:16.06,t,,,t,ATOMIC,"",java.net.URL,http://langrid.nict.go.jp/langrid-1.2/invoker/ConstructSourceAndMorphemesAndCodes,f,,29490,2034,0,"",f,clg.nict,,f,f,"",Construct Source And Morphemes And Codes,,,java.net.URI,http://localhost:8080/workflow-support/services/ConstructSourceAndMorphemesAndCodes,0,f,t,,,29491,,,,,,
ExternalService,kyoto1.langrid,VoiceText,2010-03-18 17:34:26.544,2010-11-25 09:15:10.992,t,,,t,ATOMIC,HOYA CORPORATION.,java.net.URL,http://langrid.nict.go.jp/langrid-1.2/invoker/VoiceText,f,,1339557,1842,0,"Recording and reusing the output of this text-to-speech engine are prohibited. However, it is not applicable if the recording and reusing are for presentation or report of research and other activities.",f,ishida.kyoto-u,voicetext,f,f,This service provides multilingual text-to-speech service. This is realized by wrapping the VoiceText as a Web service.,VoiceText,nict.nlp,TextToSpeech,java.net.URI,http://langrid.ai.soc.i.kyoto-u.ac.jp/texttospeech/services/VoiceText,0,f,t,,,1339558,,,595.501754385954,1425,,
ExternalService,kyoto1.langrid,JapanAgricultureDictionary,2010-02-05 21:22:53.942,2011-03-23 14:05:25.889,t,,,t,ATOMIC,"Tsukuba Office, Agriculture, Forestry and Fisheries Research Council Secretariat",java.net.URL,http://langrid.nict.go.jp/langrid-1.2/invoker/JapanAgricultureDictionary,f,,1338453,2475,0,You may not rent or distribute the software to any third party through any kind of media including CD.,f,langrid,JapanAgricultureDictionary,f,f,"This thesaurus contains about 57,000 words which are specific to Japan's agriculture, forestry and fisheries, foods, and their relevant industries.",Japan Agriculture Dictionary,nict.nlp,BilingualDictionaryWithLongestMatchSearch,java.net.URI,http://langrid.nict.go.jp/db-wrapper/services/JapanAgricultureDictionary,0,f,t,,,1338454,,,521.047619047621,21,,
ExternalService,kyoto1.langrid,TGEver1,2010-03-19 11:23:09.596,2010-03-19 11:23:09.928,t,,,t,ATOMIC,"Project MUSE, Multilingual Support for Education",java.net.URL,http://langrid.nict.go.jp/langrid-1.2/invoker/TGEver1,t,,1338475,2414,0,"Language Grid Users can copy or modify all or part of this language resource solely for the purpose of non-profit use. Language Grid Users shall not transfer or lend all or part of the language resource to any third party without permission of the copyright holder, regardless of copying or modifying the language resource.",f,kitalab,TGEver1,f,f,This is a multilingual glossary for schools in Japan.,Tagengo-Gakko Educational Glossary,nict.nlp,BilingualDictionaryWithLongestMatchSearch,java.net.URI,http://langrid.nict.go.jp/db-wrapper/services/TGEver1,0,f,t,,,1338476,,,258.083333333334,24,,
ExternalService,kyoto1.langrid,VOSService,2011-02-06 23:42:38.73,2011-02-06 23:42:48.804,t,,,t,ATOMIC,"Artificial Intelligence Laboratory, University of Science, Vietnam National University - HCMC.",,,t,,1344849,1665,0,,f,ailab.hcmus,VOSSystem,f,f,This service generates Vietnamese audio file using the VOS system.,Voice of Southern Vietnam (VOS),nict.nlp,TextToSpeech,,,0,f,t,,,1344850,,,51294.223300971,206,,
ExternalService,kyoto1.langrid,IndonesianConceptualDictionary,2011-03-28 18:18:19.145,2011-04-05 16:21:21.905,t,,,t,ATOMIC,"Information Retrieval Lab, Faculty of Computer Science, University of Indonesia",,,f,,1097111,1984,0,,f,irfasilkom,IndonesianConceptualDictionary,f,f,This conceptual dictionary is a service to retrieve concepts of a word in Bahasa Indonesia.,Indonesian Conceptual Dictionary,nict.nlp,ConceptDictionary,,,0,f,t,,,1097112,,,1015.9090909091,11,,
ExternalService,kyoto1.langrid,Template-EngFilTran,2010-07-02 14:35:12.528,2010-07-02 14:35:12.757,t,,,t,ATOMIC,test3,java.net.URL,http://langrid.nict.go.jp/langrid-1.2/invoker/Template-EngFilTran,f,,1344857,1598,0,test3,f,CeLT.dlsu,test3,f,f,test,Template-Based English-Filipino Translator,nict.nlp,Translation,java.net.URI,http://ccs.dlsu.edu.ph:8086/langrid-service-1.2/services/ETExtService,0,f,t,,,1344858,,,50525.2399999994,125,,
ExternalService,kyoto1.langrid,Rule-EngFilTran,2010-07-02 14:36:38.824,2010-07-02 14:36:38.899,t,,,t,ATOMIC,test,java.net.URL,http://langrid.nict.go.jp/langrid-1.2/invoker/Rule-EngFilTran,f,,1344853,1595,0,test,f,CeLT.dlsu,LEFT_Resource,f,f,test,Rule-Based English-Filipino Translator,nict.nlp,Translation,java.net.URI,http://ccs.dlsu.edu.ph:8086/langrid-service-1.2/services/LEFTService,0,f,t,,,1344854,,,45585.8267716541,127,,
ExternalService,kyoto1.langrid,ChibaOtayori,2009-04-07 14:48:59.507,2011-03-23 14:03:14.727,t,,,t,ATOMIC,Chiba Convention Bureau and International Center,java.net.URL,http://langrid.nict.go.jp/langrid-1.2/invoker/ChibaOtayori,f,,39575,1791,0,"Language Grid Users can copy or modify all or part of this language resource solely for the purpose of non-profit use. Language Grid Users shall not transfer or lend all or part of the language resource to any third party without permission of the copyright holder, regardless of copying or modifying the language resource.",f,langrid,ChibaOtayori,f,f,-,Chiba Prefecture Letters From School,nict.nlp,ParallelText,java.net.URI,http://langrid.ai.soc.i.kyoto-u.ac.jp/langrid-service_1_2/services/ChibaOtayori,0,f,t,,,39576,,,,,,
ExternalService,kyoto1.langrid,HamamatsuGaikoku,2009-03-05 16:35:14.49,2011-03-23 14:04:37.211,t,,,t,ATOMIC,Hamamatsu City,java.net.URL,http://langrid.nict.go.jp/langrid-1.2/invoker/HamamatsuGaikoku,f,,39583,1808,0,"Language Grid Users can copy or modify all or part of this language resource solely for the purpose of non-profit use. Language Grid Users shall not transfer or lend all or part of the language resource to any third party without permission of the copyright holder, regardless of copying or modifying the language resource.",f,langrid,HamamatsuGaikoku,f,f,-,Hamamatsu City Documents Related to Foreign Students,nict.nlp,ParallelText,java.net.URI,http://langrid.ai.soc.i.kyoto-u.ac.jp/langrid-service_1_2/services/HamamatsuGaikoku,0,f,t,,,39584,,,,,,
ExternalService,kyoto1.langrid,GetLongestMatchingTerm,2008-09-30 22:58:57.164,2008-09-30 22:58:57.379,t,,,t,ATOMIC,"",java.net.URL,http://langrid.nict.go.jp/langrid-1.2/invoker/GetLongestMatchingTerm,f,,29518,1934,0,"",f,clg.nict,,f,f,"",Get Longest Matching Term,,,java.net.URI,http://localhost:8080/workflow-support/services/GetLongestMatchingTerm,0,f,t,,,29519,,,,,,
ExternalService,kyoto1.langrid,KomakiGaikoku,2009-03-19 17:02:14.511,2011-03-23 14:06:03.83,t,,,t,ATOMIC,Komaki City Foreign Stutents Association,java.net.URL,http://langrid.nict.go.jp/langrid-1.2/invoker/KomakiGaikoku,f,,39589,1797,0,"Language Grid Users can copy or modify all or part of this language resource solely for the purpose of non-profit use. Language Grid Users shall not transfer or lend all or part of the language resource to any third party without permission of the copyright holder, regardless of copying or modifying the language resource.",f,langrid,KomakiGaikoku,f,f,-,Komaki City Multilingual Documents,nict.nlp,ParallelText,java.net.URI,http://langrid.ai.soc.i.kyoto-u.ac.jp/langrid-service_1_2/services/KomakiGaikoku,0,f,t,,,39590,,,,,,
ExternalService,kyoto1.langrid,PangaeaPictogram,2008-03-13 14:49:58.226,2008-03-13 14:51:50.174,t,,,t,ATOMIC,NPO Pangaea,java.net.URL,http://langrid.nict.go.jp/langrid-1.2/invoker/PangaeaPictogram,f,,795243,1660,0,http://creativecommons.org/licenses/by-nc-nd/2.1/jp/,f,pangaea,PangaeaPictogram,f,f,"",Picton,nict.nlp,PictogramDictionary,java.net.URI,http://trans.nict.go.jp/langrid-service-1.2/services/PangaeaPictogram,0,f,t,,,795244,,,176.357142857144,28,,
ExternalService,kyoto1.langrid,KyotoRenraku,2009-03-19 17:08:12.924,2010-08-06 13:33:47.051,t,,,t,ATOMIC,Kyoto City Board of Education,java.net.URL,http://langrid.nict.go.jp/langrid-1.2/invoker/KyotoRenraku,f,,29582,1796,0,"Language Grid Users can copy or modify all or part of this language resource solely for the purpose of non-profit use. Language Grid Users shall not transfer or lend all or part of the language resource to any third party without permission of the copyright holder, regardless of copying or modifying the language resource.",f,kyoto-edu,KyotoRenraku,f,f,-,Kyoto City Multilingual School Correspondence,nict.nlp,ParallelText,java.net.URI,http://langrid.ai.soc.i.kyoto-u.ac.jp/langrid-service_1_2/services/KyotoRenraku,0,f,t,,,29583,,,,,,
ExternalService,kyoto1.langrid,MICA_Interview_Sheet,2009-03-04 18:42:41.297,2009-04-02 18:21:19.549,t,,,t,ATOMIC,Medical Information Center Aichi (MICA),java.net.URL,http://langrid.nict.go.jp/langrid-1.2/invoker/MICA_Interview_Sheet,f,,29612,1865,0,"Language Grid Users can copy or modify all or part of this language resource solely for the purpose of non-profit use. Language Grid Users shall not transfer or lend all or part of the language resource to any third party without permission of the copyright holder, regardless of copying or modifying the language resource.",f,mica1998,MICA_Interview_Sheet,f,f,The resource is parts of an interview sheet for foreigner at a hospital.,MICA Questionnaire for Checkup,nict.nlp,ParallelText,java.net.URI,http://ict.sys.wakayama-u.ac.jp:8080/mcube/services/MICA_Interview_Sheet,0,f,t,,,29613,,,,,,
ExternalService,kyoto1.langrid,MICA_Medicine_Bag,2009-03-05 11:24:39.544,2010-08-04 15:49:05.947,t,,,t,ATOMIC,Medical Information Center Aichi (MICA),java.net.URL,http://langrid.nict.go.jp/langrid-1.2/invoker/MICA_Medicine_Bag,f,,29614,1856,0,"Language Grid Users can copy or modify all or part of this language resource solely for the purpose of non-profit use. Language Grid Users shall not transfer or lend all or part of the language resource to any third party without permission of the copyright holder, regardless of copying or modifying the language resource.",f,mica1998,MICA_Medicine_Bag,f,f,This server is located on Wakayama University.,MICA Medicine Bag,nict.nlp,ParallelText,java.net.URI,http://ict.sys.wakayama-u.ac.jp:8080/mcube/services/MICA_Medicine_Bag,0,f,t,,,29615,,,,,,
ExternalService,kyoto1.langrid,MICA_Name_of_Medicine,2009-03-05 11:40:31.831,2010-08-04 15:49:21.87,t,,,t,ATOMIC,Medical Information Center Aichi (MICA),java.net.URL,http://langrid.nict.go.jp/langrid-1.2/invoker/MICA_Name_of_Medicine,f,,29616,1869,0,"Language Grid Users can copy or modify all or part of this language resource solely for the purpose of non-profit use. Language Grid Users shall not transfer or lend all or part of the language resource to any third party without permission of the copyright holder, regardless of copying or modifying the language resource.",f,mica1998,MICA_Name_of_Medicine,f,f,This server is located on Wakayama University.,MICA Medicine Sheet,nict.nlp,ParallelText,java.net.URI,http://ict.sys.wakayama-u.ac.jp:8080/mcube/services/MICA_Name_of_Medicine,0,f,t,,,29617,,,,,,
ExternalService,kyoto1.langrid,MICA_Symptom,2009-03-05 11:49:04.463,2010-08-04 15:48:52.376,t,,,t,ATOMIC,Medical Information Center Aichi (MICA),java.net.URL,http://langrid.nict.go.jp/langrid-1.2/invoker/MICA_Symptom,f,,29618,1846,0,"Language Grid Users can copy or modify all or part of this language resource solely for the purpose of non-profit use. Language Grid Users shall not transfer or lend all or part of the language resource to any third party without permission of the copyright holder, regardless of copying or modifying the language resource.",f,mica1998,MICA_Symptom,f,f,This server is located on Wakayama University.,MICA Condition Sheet,nict.nlp,ParallelText,java.net.URI,http://ict.sys.wakayama-u.ac.jp:8080/mcube/services/MICA_Symptom,0,f,t,,,29619,,,,,,
ExternalService,kyoto1.langrid,Mitsubishi_Tanabe_Pharma_Foreign_Conversation_at_Hospital,2009-04-01 00:16:41.268,2010-08-04 13:08:38.657,t,,,t,ATOMIC,Mitsubishi Tanabe Pharma Corporation,java.net.URL,http://langrid.nict.go.jp/langrid-1.2/invoker/Mitsubishi_Tanabe_Pharma_Foreign_Conversation_at_Hospital,f,,29632,1870,0,"Language Grid Users can copy or modify all or part of this language resource solely for the purpose of non-profit use. Language Grid Users shall not transfer or lend all or part of the language resource to any third party without permission of the copyright holder, regardless of copying or modifying the language resource.",f,yoshino.wakayama-u,Mitsubishi_Tanabe_Pharma_Foreign_Conversation_at_Hospital,f,f,The service includes parallel texts for foreigner at a hospital.,Mitsubishi Tanabe Pharma Foreign Conversation at Hospital,nict.nlp,ParallelText,java.net.URI,http://ict.sys.wakayama-u.ac.jp:8080/mcube/services/Mitsubishi_Tanabe_Hospital,0,f,t,,,29633,,,,,,
ExternalService,kyoto1.langrid,NaturalDisasters,2007-11-28 15:05:13.578,2010-07-29 19:02:27.978,t,,,t,ATOMIC,Kenzo Toki,java.net.URL,http://langrid.nict.go.jp/langrid-1.2/invoker/NaturalDisasters,f,,29652,1964,0,"",f,adrc,adrc1998,f,f,Multi-language Glossary on Natural Disasters,Multi-language Glossary on Natural Disasters,nict.nlp,BilingualDictionary,java.net.URI,http://langrid.nict.go.jp/langrid-service_1_2/services/NaturalDisasters,0,f,t,,,29653,f,,,,,
ExternalService,kyoto1.langrid,Lsd,2007-11-28 15:05:11.484,2007-11-28 15:05:11.718,t,,,t,ATOMIC,Shuji Kaneko,java.net.URL,http://langrid.nict.go.jp/langrid-1.2/invoker/Lsd,t,,29608,1924,0,http://lsd.pharm.kyoto-u.ac.jp/ja/about/policy/,f,lsd-project,lsdict,f,f,"",Life Science Dictionary,nict.nlp,BilingualDictionary,java.net.URI,http://langrid.nict.go.jp/langrid-service_1_2/services/Lsd,0,f,t,,,29609,f,,,,,
ExternalService,kyoto1.langrid,TemporalBilingualDictionaryWithLongestMatchSearch,2008-09-30 22:56:06.473,2008-09-30 22:57:03.893,t,,,t,ATOMIC,"",java.net.URL,http://langrid.nict.go.jp/langrid-1.2/invoker/TemporalBilingualDictionaryWithLongestMatchSearch,f,,29704,2175,0,"",f,clg.nict,,f,f,"",Temporal Bilingual Dictionary With Longest Match Search,,,java.net.URI,http://localhost:8080/workflow-support/services/TemporalBilingualDictionaryWithLongestMatchSearch,0,f,t,,,29705,,,,,,
ExternalService,kyoto1.langrid,TermReplacementService,2008-12-01 18:58:30.901,2008-12-01 19:01:12.18,t,,,t,ATOMIC,"",java.net.URL,http://langrid.nict.go.jp/langrid-1.2/invoker/TermReplacementService,f,,29706,1729,0,"",f,clg.nict,,f,f,"",TermReplacementService,,,java.net.URI,http://localhost:8080/workflow-support/services/ReplacementTerm,0,f,t,,,29707,,,,,,
ExternalService,kyoto1.langrid,gcn_schoolwordbook_dictionary,2010-01-05 18:53:46.119,2011-03-23 14:03:47.734,t,,,t,ATOMIC,"Toyoko Noda, volunteer group Akari, GCN-Osaka (Global Campus Net, Osaka)",java.net.URL,http://langrid.nict.go.jp/langrid-1.2/invoker/gcn_schoolwordbook_dictionary,f,,39579,2493,0,"Language Grid Users can copy or modify all or part of this language resource solely for the purpose of non-profit use. Language Grid Users shall not transfer or lend all or part of the language resource to any third party without permission of the copyright holder, regardless of copying or modifying the language resource.",f,langrid,gcn_schoolwordbook_dictionary,f,f,This is a glossary for daily life at school.,"GCN Osaka English, Chinese, Korean, and Spanish writing together School Wordbook",nict.nlp,BilingualDictionary,java.net.URI,http://langrid.nict.go.jp/db-wrapper/services/GcnSchoolwordbookDictionary,0,f,t,,,39580,,,,,,
ExternalService,kyoto1.langrid,KyotoTourismDictionary,2007-12-28 10:01:48.637,2010-12-03 17:30:59.556,t,,,t,ATOMIC,National Institute of Information and Communications Technology,java.net.URL,http://langrid.nict.go.jp/langrid-1.2/invoker/KyotoTourismDictionary,t,,30508,1878,0,"Users can copy or modify all or part of this resource solely for non-profit use. Users shall not distribute, transfer or lend all or part of the resource to anyone without our permission.",f,clg.nict,KyotoTourismMultilingualDictionary,f,f,Kyoto Tourism Dictionary,Multilingual Dictionary for Kyoto Tourism,nict.nlp,BilingualDictionary,java.net.URI,http://langrid.nict.go.jp/langrid-service_1_2/services/KyotoTourismDictionary,0,f,t,,,30509,f,,,,,
ExternalService,kyoto1.langrid,KawasakiParentLetterHandbook,2008-03-13 15:59:55.508,2008-03-13 16:00:24.418,t,,,t,ATOMIC,Kawasaki City Comprehensive Education Center,java.net.URL,http://langrid.nict.go.jp/langrid-1.2/invoker/KawasakiParentLetterHandbook,t,,29564,2028,0,"Language Grid Users can copy or modify all or part of this language resource solely for the purpose of non-profit use. Language Grid Users shall not transfer or lend all or part of the language resource to any third party without permission of the copyright holder, regardless of copying or modifying the language resource.",f,kawasaki.education,ParentLetterInSchool,f,f,"",Kawasaki City CEC Teacher to Parent Letter Correspondence Service,nict.nlp,ParallelText,java.net.URI,http://trans.nict.go.jp/langrid-service-1.2/services/FujimiRenraku,0,f,t,,,29565,,,,,,
ExternalService,kyoto1.langrid,MedicalDialogCorpus,2008-03-13 15:51:34.842,2008-03-13 15:53:42.476,t,,,t,ATOMIC,Center for Multicultural Society Kyoto,java.net.URL,http://langrid.nict.go.jp/langrid-1.2/invoker/MedicalDialogCorpus,t,,29626,1929,0,"Language Grid Users can copy or modify all or part of this language resource solely for the purpose of non-profit use. Language Grid Users shall not transfer or lend all or part of the language resource to any third party without permission of the copyright holder, regardless of copying or modifying the language resource.",f,shigeno.tabunka,MedicalDialogCorpus,f,f,"",Dialog Corpus for Medical Scenes Service,nict.nlp,AdjacencyPair,java.net.URI,http://trans.nict.go.jp/langrid-service-1.2/services/Tabunka_qa_Integrated,0,f,t,,,29627,,,,,,
ExternalService,kyoto1.langrid,ToyohashiStudy,2009-03-19 17:13:57.328,2010-08-06 17:36:03.385,t,,,t,ATOMIC,Toyohashi City Board of Education,java.net.URL,http://langrid.nict.go.jp/langrid-1.2/invoker/ToyohashiStudy,t,,29716,1799,0,http://www.gaikoku.toyohashi.ed.jp/readme.htm,f,toyohashi.education,ToyohashiStudy,f,f,-,Toyohashi City Multilingual Documents for Foreign Students Studying in Japanese Schools,nict.nlp,ParallelText,java.net.URI,http://langrid.ai.soc.i.kyoto-u.ac.jp/langrid-service_1_2/services/ToyohashiStudy,0,f,t,,,29717,,,,,,
ExternalService,kyoto1.langrid,SiaSchoolParalleltext,2009-11-01 01:43:53.483,2010-07-29 19:10:48.298,t,,,t,ATOMIC,Shiga Intercultural Association for Globalization,java.net.URL,http://langrid.nict.go.jp/langrid-1.2/invoker/SiaSchoolParalleltext,t,,29690,2147,0,"Language Grid Users can copy or modify all or part of this language resource solely for the purpose of non-profit use. Language Grid Users shall not transfer or lend all or part of the language resource to any third party without permission of the copyright holder, regardless of copying or modifying the language resource.",f,s-i-a,SiaSchoolParalleltext,f,f,Multilingual Expressions for schools.,Parallel Texts of Multicultural School Supporting Site: Multilingual Expressions for Schools,nict.nlp,ParallelText,java.net.URI,http://langrid.nict.go.jp/db-wrapper/services/SiaSchoolParalleltext,0,f,t,,,29691,,,,,,
ExternalService,kyoto1.langrid,MedicalParallelText,2008-03-13 14:52:54.282,2010-08-10 11:08:01.224,t,,,t,ATOMIC,Center for Multicultural Society Kyoto,java.net.URL,http://langrid.nict.go.jp/langrid-1.2/invoker/MedicalParallelText,t,,29628,1934,0,"Language Grid Users can copy or modify all or part of this language resource solely for the purpose of non-profit use. Language Grid Users shall not transfer or lend all or part of the language resource to any third party without permission of the copyright holder, regardless of copying or modifying the language resource.",f,shigeno.tabunka,MedicalParallelText,f,f,Parallel Texts for Medical Scenes Service.,Parallel Texts for Medical Scenes Service,nict.nlp,ParallelText,java.net.URI,http://trans.nict.go.jp/langrid-service-1.2/services/Tabunka_paralleltext,0,f,t,,,29629,,,,,,
ExternalService,kyoto1.langrid,SiaSchoolDictionary,2009-11-02 14:20:27.101,2010-07-29 19:10:02.541,t,,,t,ATOMIC,Shiga Intercultural Association for Globalization,java.net.URL,http://langrid.nict.go.jp/langrid-1.2/invoker/SiaSchoolDictionary,t,,1338447,2431,0,"Language Grid Users can copy or modify all or part of this language resource solely for the purpose of non-profit use. Language Grid Users shall not transfer or lend all or part of the language resource to any third party without permission of the copyright holder, regardless of copying or modifying the language resource.",f,s-i-a,SiaSchoolDictionary,f,f,A multilingual dictionary for schools.,Dictionary of Multicultural School Supporting Site: Multilingual Expressions for Schools,nict.nlp,BilingualDictionaryWithLongestMatchSearch,java.net.URI,http://langrid.nict.go.jp/db-wrapper/services/SiaSchoolDictionary,0,f,t,,,1338448,,,944.428571428574,14,,
ExternalService,kyoto1.langrid,mief_miekonihongo_dictionary,2010-01-05 19:51:11.897,2011-03-23 14:03:34.435,t,,,t,ATOMIC,Mie International Exchange Foundation,java.net.URL,http://langrid.nict.go.jp/langrid-1.2/invoker/mief_miekonihongo_dictionary,f,,1338449,2476,0,"Language Grid Users can copy or modify all or part of this language resource solely for the purpose of non-profit use. Language Grid Users shall not transfer or lend all or part of the language resource to any third party without permission of the copyright holder, regardless of copying or modifying the language resource.",f,langrid,mief_miekonihongo_dictionary,f,f,"A glossary for school extracted from the textbook for Japanese-learning students in Mie Prefecture, Japan.",Dictionary of New Edition Mieko-san no Nihongo,nict.nlp,BilingualDictionaryWithLongestMatchSearch,java.net.URI,http://langrid.nict.go.jp/db-wrapper/services/MiefMiekonihongoDictionary,0,f,t,,,1338450,,,1055.33333333333,15,,
ExternalService,kyoto1.langrid,LsdDb,2008-10-02 19:08:30.514,2008-10-02 19:08:30.838,t,,,t,ATOMIC,Shuji Kaneko,java.net.URL,http://langrid.nict.go.jp/langrid-1.2/invoker/LsdDb,t,,1338463,2397,0,http://lsd.pharm.kyoto-u.ac.jp/ja/about/policy/,f,lsd-project,LsdDb,f,f,Bilingual Dictionary with Longest Match Search,Life Science Dictionary with Longest Match Search,nict.nlp,BilingualDictionaryWithLongestMatchSearch,java.net.URI,http://langrid.nict.go.jp/db-wrapper/services/Lsd,0,f,t,,,1338464,,,154.749999999999,8,,
ExternalService,kyoto1.langrid,MinamiAlpsNihongoDictionary,2009-11-02 13:58:40.034,2011-03-23 14:06:26.106,t,,,t,ATOMIC,MINAMI-ALPS CITY,java.net.URL,http://langrid.nict.go.jp/langrid-1.2/invoker/MinamiAlpsNihongoDictionary,f,,1338465,2462,0,"Language Grid Users can copy or modify all or part of this language resource solely for the purpose of non-profit use. Language Grid Users shall not transfer or lend all or part of the language resource to any third party without permission of the copyright holder, regardless of copying or modifying the language resource.",f,langrid,MinamiAlpsNihongoDictionary,f,f,A multilingual dictionary of basic words for Japanese lerners.,"Miru, Asobu, NIHONGO: Japanese Learning Material for Non-Japanese Students",nict.nlp,BilingualDictionaryWithLongestMatchSearch,java.net.URI,http://langrid.nict.go.jp/db-wrapper/services/MinamiAlpsNihongoDictionary,0,f,t,,,1338466,,,87.2500000000003,8,,
ExternalService,kyoto1.langrid,NiiLocal,2009-02-03 15:33:42.502,2009-02-03 15:33:44.302,t,,,t,ATOMIC,National Center for Informatics,java.net.URL,http://langrid.nict.go.jp/langrid-1.2/invoker/NiiLocal,f,,1338469,2428,0,http://deco.ex.nii.ac.jp/dict/info_e.html,f,aizawa.nii,niidictLocal,f,f,This is wrapped as a bilingual dictionary with longest match search service.,Online Dictionary of Academic Terms  with Longest Match Search,nict.nlp,BilingualDictionaryWithLongestMatchSearch,java.net.URI,http://langrid.nict.go.jp/wrapper-1.2/services/NiiNMZ,0,f,t,,,1338470,,,483.25,8,,
ExternalService,kyoto1.langrid,ToshibaMT,2008-11-28 21:53:58.828,2010-07-29 14:47:39.398,t,,,t,ATOMIC,TOSHIBA CORPORATION,java.net.URL,http://langrid.nict.go.jp/langrid-1.2/invoker/ToshibaMT,f,,1344901,1827,0,"",f,rdc.toshiba,ToshibaMT,f,f,This atomic service is provided by wrapping English-Chinese translator.,Toshiba English-Chinese Machine Translation,nict.nlp,Translation,java.net.URI,http://localhost:8080/wrapper-1.2/services/ToshibaMT,180000,f,t,,,1344902,,,769.092592592592,162,,
ExternalService,kyoto1.langrid,parsit,2008-11-28 15:50:02.929,2008-11-30 12:57:55.48,t,,,t,ATOMIC,"NECTEC, Thailand",java.net.URL,http://langrid.nict.go.jp/langrid-1.2/invoker/parsit,f,,1345031,1620,0,"NECTEC, Thailand",f,nectec,parsit,f,f,Parsit: English to Thai Machine Transltion,parsit,nict.nlp,Translation,java.net.URI,http://203.185.132.252:8080/langrid-service-1.2/services/ParsitTranslationService,0,f,t,,,1345032,,,20411.5748031496,127,,
ExternalService,kyoto1.langrid,EDRDictionary,2007-12-28 09:51:01.281,2010-12-03 17:25:45.392,t,,,t,ATOMIC,National Institute of Information and Communications Technology,java.net.URL,http://langrid.nict.go.jp/langrid-1.2/invoker/EDRDictionary,t,,1338451,1860,0,"Users can copy or modify all or part of EDR only for non-profit use. Users shall not distribute, transfer or lend the resource to anyone without our permission. See also http://langrid.nict.go.jp/edr/bilingual_dictionary.htm",f,clg.nict,EDR_Bilingual_Dictionary,f,f,This is EDR Bilingual Dictionary service.,EDR J/E Word Dictionary,nict.nlp,BilingualDictionaryWithLongestMatchSearch,java.net.URI,http://langrid.nict.go.jp/langrid-service_1_2/services/EDRDictionary,0,f,t,,,1338452,f,,531.4,10,,
ExternalService,kyoto1.langrid,KyotoTourismDictionaryDb,2008-10-03 11:50:04.824,2010-12-03 17:30:44.228,t,,,t,ATOMIC,National Institute of Information and Communications Technology,java.net.URL,http://langrid.nict.go.jp/langrid-1.2/invoker/KyotoTourismDictionaryDb,t,,1368695,2465,0,"Users can copy or modify all or part of this resource solely for non-profit use. Users shall not distribute, transfer or lend all or part of the resource to anyone without our permission.",f,clg.nict,KyotoTourismMultilingualDictionaryDb,f,f,Bilingual Dictionary with Longest Match Search,Kyoto Tourism Dictionary with Longest Match Search,nict.nlp,BilingualDictionaryWithLongestMatchSearch,java.net.URI,http://langrid.nict.go.jp/db-wrapper/services/KyotoTourismDictionary,0,f,t,,,1368696,,,64.7397128264468,10377,,
ExternalService,kyoto1.langrid,Mitsubishi_Tanabe_Pharma_Foreign_Conversation_at_Pharmacy,2009-04-01 00:19:41.722,2010-08-04 13:08:51.781,t,,,t,ATOMIC,Mitsubishi Tanabe Pharma Corporation,java.net.URL,http://langrid.nict.go.jp/langrid-1.2/invoker/Mitsubishi_Tanabe_Pharma_Foreign_Conversation_at_Pharmacy,f,,1368723,1871,0,"Language Grid Users can copy or modify all or part of this language resource solely for the purpose of non-profit use. Language Grid Users shall not transfer or lend all or part of the language resource to any third party without permission of the copyright holder, regardless of copying or modifying the language resource.",f,yoshino.wakayama-u,Mitsubishi_Tanabe_Pharma_Foreign_Conversation_at_Pharmacy,f,f,The service includes parallel texts for foreigner at a pharmacy.,Mitsubishi Tanabe Pharma Foreign Conversation at Pharmacy,nict.nlp,ParallelText,java.net.URI,http://ict.sys.wakayama-u.ac.jp:8080/mcube/services/Mitsubishi_Tanabe_Pharmacy,0,f,t,,,1368724,,,602.970588235287,646,,
ExternalService,kyoto1.langrid,YakushiteNet,2009-06-23 01:11:02.724,2009-06-23 01:11:03.435,t,,,t,ATOMIC,"",java.net.URL,http://langrid.nict.go.jp/langrid-1.2/invoker/YakushiteNet,f,,1368789,1580,0,"",f,spc.oki,YakushiteNet,f,f,"This service provides multilingual translation service.
This is realized by wrapping YakushiteNet as a Web service.",YakushiteNet,nict.nlp,Translation,java.net.URI,http://langrid.nict.go.jp/langrid-service_1_2/services/YakushiteNet,180000,f,t,,,1368790,,,355.228353140951,16492,,
ExternalService,kyoto1.langrid,NaturalDisasterDb,2008-10-02 19:03:41.467,2010-07-29 19:04:10.878,t,,,t,ATOMIC,Kenzo Toki,java.net.URL,http://langrid.nict.go.jp/langrid-1.2/invoker/NaturalDisasterDb,f,,1370211,2479,0,"",f,adrc,NaturalDisasterDictionaryDb,f,f,Bilingual Dictionary with Longest Match Search,Multi-language Glossary on Natural Disasters Service with Longest Match Search,nict.nlp,BilingualDictionaryWithLongestMatchSearch,java.net.URI,http://localhost:8080/db-wrapper/services/LocalDbNaturalDisasters,0,f,t,,,1370212,,,575.602985074633,2010,,
ExternalService,kyoto1.langrid,TreeTagger,2007-11-28 15:05:13.078,2010-08-10 16:07:05.336,t,,,t,ATOMIC,IMS Stuttgart,java.net.URL,http://langrid.nict.go.jp/langrid-1.2/invoker/TreeTagger,f,,1371731,1908,0,http://www.ims.uni-stuttgart.de/~schmid/Tagger-Licence,f,rohrer.uni-stuttgart,treetagger,f,f,-,TreeTagger,nict.nlp,MorphologicalAnalysis,java.net.URI,http://langrid.nict.go.jp/langrid-service_1_2/services/TreeTagger,0,f,t,,,1371732,f,,137.68664950348,2719,,
ExternalService,kyoto1.langrid,KawasakiSocialStudiesHandbook,2008-03-13 15:58:00.675,2010-08-06 10:54:23.942,t,,,t,ATOMIC,Kawasaki City Comprehensive Education Center,java.net.URL,http://langrid.nict.go.jp/langrid-1.2/invoker/KawasakiSocialStudiesHandbook,t,,1372045,2022,0,"Language Grid Users can copy or modify all or part of this language resource solely for the purpose of non-profit use. Language Grid Users shall not transfer or lend all or part of the language resource to any third party without permission of the copyright holder, regardless of copying or modifying the language resource.",f,kawasaki.education,SocialStudyGlossary,f,f,Kawasaki City CEC Elementary School Education Series:Social Studies Service.,Kawasaki City CEC Elementary S Education Series:Social Studies Service,nict.nlp,ParallelText,java.net.URI,http://trans.nict.go.jp/langrid-service-1.2/services/FujimiShakai,0,f,t,,,1372046,,,64.5272727272727,55,,
ExternalService,kyoto1.langrid,Mecab,2007-11-28 15:05:14.062,2007-11-28 15:05:14.328,t,,,t,ATOMIC,"Taku Kudo, and Nippon Telegraph and Telephone Corporation",java.net.URL,http://langrid.nict.go.jp/langrid-1.2/invoker/Mecab,t,,1372049,1903,0,http://mecab.sourceforge.net/,f,tsukada.ntt,mecab,f,f,"",MeCab,nict.nlp,MorphologicalAnalysis,java.net.URI,http://langrid.nict.go.jp/langrid-service_1_2/services/Mecab,0,f,t,,,1372050,f,,357.746891835907,9652,,
ExternalService,kyoto1.langrid,KawasakiCommonHandbook,2008-03-13 15:55:44.105,2010-08-05 19:29:13.204,t,,,t,ATOMIC,Kawasaki City Comprehensive Education Center,java.net.URL,http://langrid.nict.go.jp/langrid-1.2/invoker/KawasakiCommonHandbook,t,,1372033,2031,0,"Language Grid Users can copy or modify all or part of this language resource solely for the purpose of non-profit use. Language Grid Users shall not transfer or lend all or part of the language resource to any third party without permission of the copyright holder, regardless of copying or modifying the language resource.",f,kawasaki.education,SchoolGlossary,f,f,Kawasaki City CEC Handbook of Common Expressions in School Service.,Kawasaki City CEC Handbook of Common Expressions in School Service,nict.nlp,ParallelText,java.net.URI,http://trans.nict.go.jp/langrid-service-1.2/services/FujimiGaikoku,0,f,t,,,1372034,,,119.70545454545,275,,
ExternalService,kyoto1.langrid,ICTCLAS,2007-11-28 15:05:12.578,2010-07-14 18:43:41.612,t,,,t,ATOMIC,"Institute of Computing Technology, Chinese Academy of Sciences",java.net.URL,http://langrid.nict.go.jp/langrid-1.2/invoker/ICTCLAS,t,,1372055,1916,0,http://www.nlp.org.cn/docs/download.php?proj_id=6&prog_id=1,f,liu.ict,ictclas,f,f,MORPHOLOGICAL ANALYZER,ICTCLAS,nict.nlp,MorphologicalAnalysis,java.net.URI,http://langrid.nict.go.jp/langrid-service_1_2/services/ICTCLAS,0,f,t,,,1372056,f,,223.34105534106,777,,
ExternalService,kyoto1.langrid,GoogleTranslate,2009-06-18 11:24:39.066,2009-06-18 11:24:39.715,t,,,t,ATOMIC,Google,java.net.URL,http://langrid.nict.go.jp/langrid-1.2/invoker/GoogleTranslate,f,,1372935,1730,0,http://code.google.com/intl/ja/apis/ajaxlanguage/terms.html,f,google,GoogleTranslate,f,f,"This service provides multilingual translation service.
This is realized by wrapping Google Translate as a Web service.
To use this service,learn Google AJAX API Terms of Use.
http://code.google.com/intl/ja/apis/ajaxlanguage/terms.html",Google Translate,nict.nlp,Translation,java.net.URI,http://langrid.nict.go.jp/langrid-service_1_2/services/GoogleTranslation,0,f,t,,,1372936,,,11.2625521286143,363524,,
ExternalService,kyoto1.langrid,WordNetJa,2009-06-10 16:14:48.34,2010-12-03 17:30:31.558,t,,,t,ATOMIC,National Institute of Information and Communications Technology,java.net.URL,http://langrid.nict.go.jp/langrid-1.2/invoker/WordNetJa,t,,1097247,1928,0,http://nlpwww.nict.go.jp/wn-ja/license.txt,f,clg.nict,WordNetJa,f,f,"This service provides concept search service.
This is realized by wrapping Japanese WordNet as a Web service.",Japanese WordNet,nict.nlp,ConceptDictionary,java.net.URI,http://langrid.nict.go.jp/langrid-service_1_2/services/WordNetJA,0,f,t,,,1097248,,,381.30726256983,358,,
ExternalService,kyoto1.langrid,EDRConceptDictionary,2008-09-03 17:06:06.841,2010-12-03 17:24:33.343,t,,,t,ATOMIC,National Institute of Information and Communications Technology,java.net.URL,http://langrid.nict.go.jp/langrid-1.2/invoker/EDRConceptDictionary,t,,1097483,1959,0,"Users can copy or modify all or part of EDR only for non-profit use. Users shall not distribute, transfer or lend the resource to anyone without our permission. See also http://langrid.nict.go.jp/edr/concept_dictionary.htm",f,clg.nict,EDR_Concept_Dictionary,f,f,EDR Concept Dictionary,EDR J/E Concept Dictionary,nict.nlp,ConceptDictionary,java.net.URI,http://langrid.nict.go.jp/langrid-service_1_2/services/EDRConceptDictionary,0,f,t,,,1097484,,,835.759259259263,54,,
ExternalService,kyoto1.langrid,Klt,2007-11-28 15:05:12.109,2007-11-28 15:05:12.328,t,,,t,ATOMIC,Seung-Shik Kang,java.net.URL,http://langrid.nict.go.jp/langrid-1.2/invoker/Klt,t,,1348243,1899,0,http://nlp.kookmin.ac.kr/,f,nlpkang,klt21,f,f,"",KLT version 2.1,nict.nlp,MorphologicalAnalysis,java.net.URI,http://langrid.nict.go.jp/langrid-service_1_2/services/Klt,0,f,t,,,1348244,f,,498.352112676065,426,,
ExternalService,kyoto1.langrid,WordNet_service,2008-08-06 19:14:32.809,2008-08-06 19:14:33.14,t,,,t,ATOMIC,Princeton University,java.net.URL,http://langrid.nict.go.jp/langrid-1.2/invoker/WordNet_service,t,,1119231,1925,0,http://wordnet.princeton.edu/license,f,wordnet.princeton,WordNet,f,f,"This service provides concept search service.
This is realized by wrapping WordNet as a Web service.",WordNet,nict.nlp,ConceptDictionary,java.net.URI,http://langrid.nict.go.jp/langrid-service_1_2/services/WordNet,0,f,t,,,1119232,,,123.140969163,454,,
ExternalService,kyoto1.langrid,AtsugiKokokara,2009-03-19 17:20:41.318,2011-03-23 14:02:26.381,t,,,t,ATOMIC,Atsugi City Board of Education,java.net.URL,http://langrid.nict.go.jp/langrid-1.2/invoker/AtsugiKokokara,f,,1039730,1803,0,"Language Grid Users can copy or modify all or part of this language resource solely for the purpose of non-profit use. Language Grid Users shall not transfer or lend all or part of the language resource to any third party without permission of the copyright holder, regardless of copying or modifying the language resource.",f,langrid,AtsugiKokokara,f,f,-,Atsugi City School Life Starts Here,nict.nlp,ParallelText,java.net.URI,http://langrid.ai.soc.i.kyoto-u.ac.jp/langrid-service_1_2/services/AtsugiKokokara,0,f,t,,,1039731,,,41.5,2,,
ExternalService,kyoto1.langrid,knp_service,2008-08-11 14:18:00.597,2008-08-11 14:18:01.868,t,,,t,ATOMIC,Kyoto University,java.net.URL,http://langrid.nict.go.jp/langrid-1.2/invoker/knp_service,t,,612952,1737,0,"Language Grid Users can copy or modify all or part of this language
resource solely for the purpose of non-profit use. Language Grid Users
shall not transfer or lend all or part of the language resource to any
third party without permission of the copyright holder, regardless of
copying or modifying the language resource.",f,kurohashi.kyoto-u,knparser,f,f,This service provides dependency analysis. This is realized by wrapping KNP as a Web service.,KNP,nict.nlp,DependencyParser,java.net.URI,http://langrid.nict.go.jp/langrid-service_1_2/services/KnpService,0,f,t,,,612953,,,704.333333333333,3,,
ExternalService,kyoto1.langrid,Juman_service,2008-08-06 18:11:50.5,2008-08-06 18:11:50.956,t,,,t,ATOMIC,Kyoto University,java.net.URL,http://langrid.nict.go.jp/langrid-1.2/invoker/Juman_service,t,,1348217,1632,0,"Language Grid Users can copy or modify all or part of this language
resource solely for the purpose of non-profit use. Language Grid Users
shall not transfer or lend all or part of the language resource to any
third party without permission of the copyright holder, regardless of
copying or modifying the language resource.",f,kurohashi.kyoto-u,juman,f,f,This service provides morphological analysis. This is realized by wrapping Juman as Web services.,Juman,nict.nlp,MorphologicalAnalysis,java.net.URI,http://langrid.nict.go.jp/langrid-service_1_2/services/Juman,0,f,t,,,1348218,,,98.7272727272727,11,,
ExternalService,kyoto1.langrid,HtmlTextExtractor,2009-11-18 12:03:02.716,2010-12-03 17:28:47.417,t,,,t,ATOMIC,"",java.net.URL,http://langrid.nict.go.jp/langrid-1.2/invoker/HtmlTextExtractor,t,,1167489,1669,0,"",f,clg.nict,HtmlTextExtractor,f,f,"This service separates a HTML document into texts and a HTML skeleton. For example, when this service receives the following HTML document,
""&lt;html&gt;
&nbsp;&nbsp;&lt;body&gt;
&nbsp;&nbsp;&nbsp;&nbsp;&lt;h1&gt;Weather&lt;/h1&gt;
&nbsp;&nbsp;&nbsp;&nbsp;&lt;div&gt;It's fine today.&lt;/div&gt;
&nbsp;&nbsp;&lt;/body&gt;
&lt;/html&gt;"",
it outputs an array of ($1 Weather) and ($2 It's fine today.), and the HTML skeleton,  ""&lt;html&gt;&lt;body&gt;&lt;h1&gt;$1&lt;/h1&gt;&lt;div&gt;$2&lt;/div&gt;&lt;/body&gt;&lt;/html&gt;"".

You can generate the HTML document in other languages by replacing each key ($x) in the skeleton with the corresponding translation; in the above example, replace $1 and $2 with translations of ""Weather"" and ""It's fine today"" respectively.

This service interface is defined as below.
&lt;OPERATION&gt;
HTMLDocumentSeparation separate(String htmlDocument)

&lt;INPUT&gt;
htmlDocument - a document in escaped HTML, such as &amp;lt;html&amp;gt;, &amp;lt;h1&amp;gt;, and so on.

&lt;OUTPUT&gt;
HTMLDocumentSepration{
&nbsp;&nbsp;CodeAndText[] codesAndTexts;
&nbsp;&nbsp;String skeletonHTML;
}
codesAndText - an array of ID and texts surrounded by a pair of HTML tags.
skeletonHTML - HTML document where the texts are replaced with the corresponding ID.

CodeAndText{
&nbsp;&nbsp;String code;
&nbsp;&nbsp;String text;
}
code - ID.
text - texts surrounded by a pair of HTML tags.

&lt;EXAMPLE&gt; 
(SOAP request)
&lt;soapenv:Envelope&gt;
&nbsp;&nbsp;&lt;soapenv:Header/&gt;
&nbsp;&nbsp;&lt;soapenv:Body&gt;
&nbsp;&nbsp;&nbsp;&nbsp;&lt;separate&gt;
&nbsp;&nbsp;&nbsp;&nbsp;&nbsp;&nbsp;&lt;htmlDocument&gt;
&nbsp;&nbsp;&nbsp;&nbsp;&nbsp;&nbsp;&amp;lt;html&amp;gt;&amp;lt;body&amp;gt;&amp;lt;h1&amp;gt;Weather&amp;lt;/h1&amp;gt;&amp;lt;div&amp;gt;It's fine today&amp;lt;/div&amp;gt;&amp;lt;/body&amp;gt;&amp;lt;/html&amp;gt;
&nbsp;&nbsp;&nbsp;&nbsp;&nbsp;&nbsp;&lt;/htmlDocument&gt;
&nbsp;&nbsp;&nbsp;&nbsp;&lt;/separate&gt;
&nbsp;&nbsp;&lt;/soapenv:Body&gt;
&lt;/soapenv:Envelope&gt;

(SOAP response)
&lt;soapenv:Envelope&gt;
&nbsp;&nbsp;&lt;soapenv:Body&gt;
&nbsp;&nbsp;&nbsp;&nbsp;&lt;separateResponse&gt;
&nbsp;&nbsp;&nbsp;&nbsp;&nbsp;&nbsp;&lt;separateReturn&gt;
&nbsp;&nbsp;&nbsp;&nbsp;&nbsp;&nbsp;&nbsp;&nbsp;&lt;codesAndTexts&gt;
&nbsp;&nbsp;&nbsp;&nbsp;&nbsp;&nbsp;&nbsp;&nbsp;&nbsp;&nbsp;&lt;codesAndTexts&gt;
&nbsp;&nbsp;&nbsp;&nbsp;&nbsp;&nbsp;&nbsp;&nbsp;&nbsp;&nbsp;&nbsp;&nbsp;&lt;code&gt;$1&lt;/code&gt;
&nbsp;&nbsp;&nbsp;&nbsp;&nbsp;&nbsp;&nbsp;&nbsp;&nbsp;&nbsp;&nbsp;&nbsp;&lt;text&gt;Weather&lt;/text&gt;
&nbsp;&nbsp;&nbsp;&nbsp;&nbsp;&nbsp;&nbsp;&nbsp;&nbsp;&nbsp;&lt;/codesAndTexts&gt;
&nbsp;&nbsp;&nbsp;&nbsp;&nbsp;&nbsp;&nbsp;&nbsp;&nbsp;&nbsp;&lt;codesAndTexts&gt;
&nbsp;&nbsp;&nbsp;&nbsp;&nbsp;&nbsp;&nbsp;&nbsp;&nbsp;&nbsp;&nbsp;&nbsp;&lt;code&gt;$2&lt;/code&gt;
&nbsp;&nbsp;&nbsp;&nbsp;&nbsp;&nbsp;&nbsp;&nbsp;&nbsp;&nbsp;&nbsp;&nbsp;&lt;text&gt;It's fine today&lt;/text&gt;
&nbsp;&nbsp;&nbsp;&nbsp;&nbsp;&nbsp;&nbsp;&nbsp;&nbsp;&nbsp;&lt;/codesAndTexts&gt;
&nbsp;&nbsp;&nbsp;&nbsp;&nbsp;&nbsp;&nbsp;&nbsp;&lt;/codesAndTexts&gt;  
&nbsp;&nbsp;&nbsp;&nbsp;&nbsp;&nbsp;&nbsp;&nbsp;&lt;skeletonHtml&gt;
&nbsp;&nbsp;&nbsp;&nbsp;&nbsp;&nbsp;&nbsp;&nbsp;&lt;![CDATA[&lt;html&gt;&lt;body&gt;&lt;h1&gt;$1&lt;/h1&gt;&lt;div&gt;$2&lt;/div&gt;&lt;/body&gt;&lt;/html&gt;]]&gt;
&nbsp;&nbsp;&nbsp;&nbsp;&nbsp;&nbsp;&nbsp;&nbsp;&lt;/skeletonHtml&gt;
&nbsp;&nbsp;&nbsp;&nbsp;&nbsp;&nbsp;&lt;/separateReturn&gt;
&nbsp;&nbsp;&nbsp;&nbsp;&lt;separateResponse&gt;
&nbsp;&nbsp;&lt;/soapenv:Body&gt;
&lt;/soapenv:Envelope&gt;",HTML Text Extractor,,,java.net.URI,http://langrid.nict.go.jp/workflow-support/services/HTMLDocumentSeparator,0,f,t,,,1167490,,,1573.50000000002,46,,
ExternalService,kyoto1.langrid,CabochaService,2008-11-06 20:27:22.63,2011-03-23 14:02:07.196,t,,,t,ATOMIC,Taku Kudo,java.net.URL,http://langrid.nict.go.jp/langrid-1.2/invoker/CabochaService,f,,671458,1758,0,LGPL license. See also http://www.gnu.org/licenses/old-licenses/lgpl-2.1.html,f,langrid,Cabocha,f,f,This service provides dependency analysis. This is realized by wrapping CaboCha as a Web service.,CaboCha,nict.nlp,DependencyParser,java.net.URI,http://langrid.nict.go.jp/langrid-service_1_2/services/CabochaService,0,f,t,,,671459,,,1264.16666666667,6,,
ExternalService,kyoto1.langrid,ChasenService,2008-11-06 20:30:07.35,2011-03-23 14:02:43.921,t,,,t,ATOMIC,Nara Institute of Science and Technology,java.net.URL,http://langrid.nict.go.jp/langrid-1.2/invoker/ChasenService,f,,1348213,1639,0,http://langrid.org/operation/document/ChaSen-License.pdf,f,langrid,Chasen,f,f,This service provides morphological analysis. This is realized by wrapping ChaSen as a Web service.,ChaSen,nict.nlp,MorphologicalAnalysis,java.net.URI,http://langrid.nict.go.jp/langrid-service_1_2/services/Chasen,0,f,t,,,1348214,,,567.738095238096,42,,
BPELService,kyoto1.langrid,BilingualDictionaryWithLongestMatchCrossSearch,2008-12-12 21:50:29.833,2010-12-03 17:34:00.678,t,BilingualDictionaryWithLongestMatchCrossSearchJava,,t,COMPOSITE,"",java.net.URL,http://langrid.nict.go.jp/langrid-1.2/invoker/BilingualDictionaryWithLongestMatchCrossSearch,t,,30518,6538,1,"",f,clg.nict,,t,t,"This service consists of five bilingual dictionary with longest match services. Five bilingual dictionary with longest match services are invoked concurrently, and you can set the language codes of a head word and target words.",Bilingual Dictionary With Longest Matching Cross Search Service,nict.nlp,BilingualDictionaryWithLongestMatchSearch,java.net.URI,http://localhost:8080/wrapper-mock-1.2.N/services/BilingualDictionaryWithLongestMatchCrossSearch,0,t,t,,,30519,t,BilingualDictionaryWithLongestMatchCrossSearch,,,,
BPELService,kyoto1.langrid,TranslationCombinedWithBilingualDictionaryWithLongestMatchSearch,2008-10-07 18:56:18.227,2010-12-03 17:36:28.047,t,TranslationCombinedWithBilingualDictionaryWithLongestMatchSearchJava,,t,COMPOSITE,"",java.net.URL,http://langrid.nict.go.jp/langrid-1.2/invoker/TranslationCombinedWithBilingualDictionaryWithLongestMatchSearch,t,,30530,18228,1,"",f,clg.nict,,t,t,"This service invokes three standard types of language services; morphological analysis service, bilingual dictionary service with longest match search, translation service. 

This service invokes each language service the following order. 
(1)invokes morphological analysis service to devide an inputsentence into a set of morphemes. 
(2)checks whether a part of the morphemes is contained in the bilingual dictionary. 
(3)If some words are contained, it gets correct translation from the user dictionary. 
(4)generates intermediate codes of the words, and replaces the words in the input sentence with the codes. 
(5)translates the edited input sentence into the target language. 
(6)replaces the codes in the translated sentence with the correct translation. 

You can change morphological analysis service, bilingual dictionary service with longest match search, and translation service by dynamic binding function.",Translation Service Combined With Bilingual Dictionary With Longest Match Search,nict.nlp,TranslationWithTemporalDictionary,java.net.URI,http://langrid.nict.go.jp/langrid-1.2/services/TranslationCombinedWithBilingualDictionaryWithLongestMatchSearch,180000,t,t,,,30531,f,TranslationCombinedWithBilingualDictionaryWithLongestMatchSearch,,,,
BPELService,kyoto1.langrid,TwoHopTranslation,2009-06-05 18:35:07.228,2010-12-03 17:36:46.653,t,TwoHopTranslationJava,,t,COMPOSITE,"",java.net.URL,http://langrid.nict.go.jp/langrid-1.2/invoker/TwoHopTranslation,t,,30532,4343,1,"",f,clg.nict,,t,t,"This service consists of two translation services. These two translation services are connected sequentially, and you can set the language codes of the input text, the output text.",Two-Hop Translation Service,nict.nlp,MultihopTranslation,java.net.URI,http://langrid.nict.go.jp/langrid/services/TwoHopTranslation,0,t,t,,,30533,t,TwoHopTranslation,,,,
BPELService,kyoto1.langrid,ThreeHopTranslation,2009-06-05 18:28:46.18,2010-12-03 17:34:46.718,t,ThreeHopTranslationJava,,t,COMPOSITE,"",java.net.URL,http://langrid.nict.go.jp/langrid-1.2/invoker/ThreeHopTranslation,t,,30520,4460,1,"",f,clg.nict,,t,t,"This service consists of three translation services. Three translation services are connected sequentially, and you can set the language codes of the input text, the output text.",Three-Hop Translation Service,nict.nlp,MultihopTranslation,java.net.URI,http://langrid.nict.go.jp/langrid/services/ThreeHopTranslation,0,t,t,,,30521,t,ThreeHopTranslation,,,,
BPELService,kyoto1.langrid,TranslationCombinedWithBilingualDictionary,2008-10-07 18:56:37.548,2010-12-03 17:35:33.651,t,TranslationCombinedWithBilingualDictionaryJava,,t,COMPOSITE,"",java.net.URL,http://langrid.nict.go.jp/langrid-1.2/invoker/TranslationCombinedWithBilingualDictionary,t,,30526,18377,1,"",f,clg.nict,,t,t,"This service invokes three types of language services; morphological analysis service, bilingual dictionary service, translation service. 

This service invokes each language service the following order. 
(1)invokes morphological analysis service to devide an inputsentence into a set of morphemes. 
(2)checks whether a part of the morphemes is contained in the user dictionary. 
(3)If some words are contained, it gets correct translation from the user dictionary. 
(4)generates intermediate codes of the words, and replaces the words in the input sentence with the codes. 
(5)translates the edited input sentence into the target language. 
(6)replaces the codes in the translated sentence with the correct translation. 

You can change morphological analysis service, bilingual dictionary service with longest match search, and translation service by dynamic binding function.",Translation Service Combined With Bilingual Dictionary,nict.nlp,TranslationWithTemporalDictionary,java.net.URI,http://langrid.nict.go.jp/langrid-1.2/services/TranslationCombinedWithBilingualDictionary,180000,t,t,,,30527,t,TranslationCombinedWithBilingualDictionary,,,,
BPELService,kyoto1.langrid,TwoHopTranslationJa,2009-06-05 18:40:20.524,2010-12-03 17:37:20.872,t,TwoHopTranslationJaJava,,t,COMPOSITE,"",java.net.URL,http://langrid.nict.go.jp/langrid-1.2/invoker/TwoHopTranslationJa,t,,1348983,3898,1,"",f,clg.nict,,t,t,"This service consists of two translation services. These two translation services are connected sequentially through Japanese, and you can set the language codes of the input text, the output text.",Two-Hop Translation Service through Japanese,nict.nlp,Translation,java.net.URI,http://TwoHopTranslationJa,0,t,t,,,1348984,t,TwoHopTranslationJa,1407.32098765432,243,,
BPELService,kyoto1.langrid,TwoHopTranslationEn,2009-06-05 18:38:38.617,2010-12-03 17:36:59.305,t,TwoHopTranslationEnJava,,t,COMPOSITE,"",java.net.URL,http://langrid.nict.go.jp/langrid-1.2/invoker/TwoHopTranslationEn,t,,1351599,3902,1,"",f,clg.nict,,t,t,"This service consists of two translation services. These two translation services are connected sequentially through English, and you can set the language codes of the input text, the output text.",Two-Hop Translation Service through English,nict.nlp,Translation,java.net.URI,http://langrid.nict.go.jp/langrid/services/TwoHopTranslationEn,0,t,t,,,1351600,t,TwoHopTranslationEn,2647.59733606554,976,,
BPELService,kyoto1.langrid,ThreeHopTranslationJaEn,2009-06-05 18:33:47.517,2010-12-03 17:35:17.977,t,ThreeHopTranslationJaEnJava,,t,COMPOSITE,"",java.net.URL,http://langrid.nict.go.jp/langrid-1.2/invoker/ThreeHopTranslationJaEn,t,,1344897,3966,1,"",f,clg.nict,,t,t,"This service consists of three translation services. First translation service and last one are connected sequentially through an Japanese-English translation service, and you can set the language codes of the input text, the output text.",Three-Hop Translation Service through Ja-En Translator,nict.nlp,Translation,java.net.URI,http://langrid.nict.go.jp/langrid/services/ThreeHopTranslationJaEn,0,t,t,,,1344898,t,ThreeHopTranslationJaEn,176.742187499999,128,,
BPELService,kyoto1.langrid,TranslationWithBackup,2009-01-20 21:53:12.581,2009-01-20 21:53:14.26,t,TranslationWithBackupJava,,t,COMPOSITE,"",java.net.URL,http://langrid.nict.go.jp/langrid-1.2/invoker/TranslationWithBackup,f,,1344911,3916,1,"",f,yoshino.wakayama-u,,t,t,"This service consists of two different translation services. When it fails to invoke either of them, it tries to invoke the other.",Translation With Backup Service,nict.nlp,Translation,java.net.URI,http://langrid.nict.go.jp/langrid-1.2/services/TranslationWithBackup,0,t,t,,,1344912,t,TranslationWithBackup,107.48502994012,167,,
ExternalService,kyoto1.langrid,MLDI,2008-11-08 14:45:05.319,2011-11-21 17:35:09.456,t,,,t,ATOMIC,Multiligual Disaster Information System Consortium,java.net.URL,http://langrid.nict.go.jp/langrid-1.2/invoker/MLDI,f,,1423893,1755,0,"Language Grid Users can copy or modify all or part of this language resource solely for the purpose of non-profit use. Language Grid Users shall not transfer or lend all or part of the language resource to any third party without permission of the copyright holder, regardless of copying or modifying the language resource.",f,mldi,mldi_mldi,f,f,ParallelText Service with Search Interface,Multilingual Language Disaster Information Service,nict.nlp,ParallelText,java.net.URI,http://musashi.net.itc.nagoya-u.ac.jp/AichiWrapper-1.2/services/Mldi,0,f,t,,,1423894,,,190.419834710746,605,,
ExternalService,kyoto1.langrid,MLLI,2008-11-08 14:42:31.906,2011-11-21 17:35:48.037,t,,,t,ATOMIC,Aichi International Association,java.net.URL,http://langrid.nict.go.jp/langrid-1.2/invoker/MLLI,t,,1423895,1756,0,"Language Grid Users can copy or modify all or part of this language resource solely for the purpose of non-profit use. Language Grid Users shall not transfer or lend all or part of the language resource to any third party without permission of the copyright holder, regardless of copying or modifying the language resource.",f,aia.pref.aichi,aia_mlli,f,f,ParallelText Service With Search Interface,Multilingual Language Life Information Service,nict.nlp,ParallelText,java.net.URI,http://musashi.net.itc.nagoya-u.ac.jp/AichiWrapper-1.2/services/Mlli,0,f,t,java.net.URL,http://musashi.net.itc.nagoya-u.ac.jp/AichiWrapper-1.2/services/Mlli?wsdl,1423896,,,198.734939759034,581,,
ExternalService,kyoto1.langrid,KyotoUCLWT,2011-12-01 14:38:55.377,2011-12-02 17:10:22.705,t,,,t,ATOMIC,-,,,t,,1423939,1662,0,-,f,ishida.kyoto-u,KyotoUCLWT,,,-,WEB-Transer (Kyoto-U),nict.nlp,Translation,,,180000,f,t,,,1423940,,,,,,
ExternalService,kyoto1.langrid,KyotoUCLWTDict,2012-02-13 19:32:33.704,2012-02-13 19:32:34.51,t,,,t,ATOMIC,-,,,t,,1442461,1834,0,-,f,ishida.kyoto-u,KyotoUCLWT,,,"This service can translate a sentence using internal domain-specific dictionary this service owns. You can choose the internal dictionary by putting dictionary ID following the ""?dictId="" parameter in the endpoint URL. For example,
http://langrid.nict.go.jp/service_manager/invoker/KyotoUCLWTDict?dictId=MANUFAC
You can also get a list of internal dictionary ID using getSupportedInternalDictionaryIds.",WEB-Transer With Internal Dictionary (Kyoto-U),nict.nlp,TranslationWithInternalDictionary,,,0,f,t,,,1442462,,,,,,
BPELService,kyoto1.langrid,ThreeHopTranslationEnJa,2009-06-05 18:31:28.328,2010-12-03 17:35:03.767,t,ThreeHopTranslationEnJaJava,,t,COMPOSITE,"",java.net.URL,http://langrid.nict.go.jp/langrid-1.2/invoker/ThreeHopTranslationEnJa,t,,1344893,3966,1,"",f,clg.nict,,t,t,"This service consists of three translation services. First translation service and last one are connected sequentially through an English-Japanese translation service, and you can set the language codes of the input text, the output text.",Three-Hop Translation Service through En-Ja Translator,nict.nlp,Translation,java.net.URI,http://langrid.nict.go.jp/langrid/services/ThreeHopTranslationEnJa,0,t,t,,,1344894,t,ThreeHopTranslationEnJa,247.092307692307,130,,
